user_id,username,total_sessions,total_focus_minutes,avg_duration,top_duration,top_tree,unique_trees,peak_hour,peak_day,active_days,sessions_per_week,current_streak,best_streak,review_rate,duration_trend,days_since_last,first_session,last_session
0,,1,50,50.0,50,cyclamen,1,10,5,1,1.0,0,1,,insufficient_data,106,2026-06-13,2026-06-13
1002313680,lwe_3,1,120,120.0,120,lily flower,1,15,5,1,1.0,0,1,,insufficient_data,29,2026-08-29,2026-08-29
1002810840,jude_haa,1,60,60.0,60,unicorn tree,1,18,1,1,1.0,0,1,,insufficient_data,26,2026-09-01,2026-09-01
1004660881,ziceberg,6,510,85.0,90,lantern flower,6,7,5,2,6.0,0,2,0.0,increasing,77,2026-07-11,2026-07-12
1006476661,x8rwa,13,1170,90.0,60,snowflake bush,9,3,1,8,0.97,0,5,0.0,decreasing,12,2026-06-13,2026-09-15
1006687260,mnui8uy,2,150,75.0,60,golden trumpet tree,2,16,5,2,1.0,0,1,,insufficient_data,8,2026-09-05,2026-09-19
1006990029,xaxa_1233,2,240,120.0,120,jacaranda,1,22,3,1,2.0,0,1,,insufficient_data,24,2026-09-03,2026-09-03
1008926066,,9,750,83.3,90,luminie,3,17,1,4,3.0,0,2,,increasing,5,2026-09-01,2026-09-22
1011222510,liwrc7,2,100,50.0,50,golden wings,1,10,5,1,2.0,0,1,,insufficient_data,8,2026-09-19,2026-09-19
1011772059,yttirl,2,150,75.0,60,azalea,2,13,0,2,2.0,0,1,,insufficient_data,13,2026-09-12,2026-09-14
1012501441,pkwiln,2,180,90.0,90,carnation,2,12,5,1,2.0,0,1,0.0,insufficient_data,106,2026-06-13,2026-06-13
1014408516,A0152d,4,210,52.5,50,wishing tree,2,5,3,2,1.65,0,1,,stable,77,2026-06-25,2026-07-12
1019201816,op4ili,4,210,52.5,60,sundae tree,3,13,2,3,4.0,0,3,,decreasing,4,2026-09-21,2026-09-23
1021495261,Justwewie,31,2250,72.6,60,moth orchid,12,16,2,5,21.7,0,4,,increasing,11,2026-09-06,2026-09-16
1021498971,SpecialPedro,18,1470,81.7,70,calendula,9,10,3,7,4.5,0,4,,increasing,1,2026-08-29,2026-09-26
1023360114,na3raa,5,270,54.0,60,jacaranda,4,10,3,3,5.0,1,2,,decreasing,0,2026-09-24,2026-09-27
1024819170,,3,320,106.7,45,coconut tree,3,17,2,2,0.81,0,1,,insufficient_data,4,2026-08-28,2026-09-23
1025045971,lloii_3,22,1925,87.5,90,wishing tree,15,13,5,7,7.33,0,2,,increasing,1,2026-09-05,2026-09-26
1027059881,z57yi,1,125,125.0,125,snowdrop,1,10,4,1,1.0,0,1,,insufficient_data,9,2026-09-18,2026-09-18
1029257135,kkwqqp,1,90,90.0,90,jacaranda fairy,1,19,6,1,1.0,0,1,,insufficient_data,7,2026-09-20,2026-09-20
1029278125,f_7761,1,90,90.0,90,golden trumpet tree,1,18,3,1,1.0,0,1,,insufficient_data,10,2026-09-17,2026-09-17
1030263303,ivcsiii,13,2220,170.8,180,strawberry cupcake,7,22,2,11,1.52,0,2,,stable,18,2026-07-11,2026-09-09
1030926475,iamkenda,4,720,180.0,180,golden wings,3,8,4,3,1.47,0,1,,stable,4,2026-09-04,2026-09-23
1032309002,rawiixh,15,1425,95.0,90,unknown,11,19,2,10,1.03,0,5,,increasing,4,2026-06-13,2026-09-23
1034481122,andrymary_s,1,60,60.0,60,maple,1,10,3,1,1.0,0,1,,insufficient_data,10,2026-09-17,2026-09-17
1034968790,Sha_958,178,14250,80.1,60,epiphyllum,34,21,2,42,15.97,16,25,,stable,0,2026-07-11,2026-09-27
1035942155,,8,380,47.5,45,celestial tree,5,13,0,6,4.0,0,3,,decreasing,7,2026-09-06,2026-09-20
1037634810,FatimaAljaberi,24,1980,82.5,60,jacaranda,8,17,4,10,7.0,0,3,,stable,7,2026-08-27,2026-09-20
1038083303,ra10ak,93,7705,82.8,90,royal poinciana,37,18,5,30,8.35,5,11,,stable,0,2026-07-11,2026-09-27
1038454425,,16,1465,91.6,120,cloud moon tree,5,13,4,5,1.44,0,2,,stable,1,2026-07-10,2026-09-26
1038979263,iuvlj,1,60,60.0,60,coconut tree,1,18,4,1,1.0,0,1,,insufficient_data,2,2026-09-25,2026-09-25
1038995103,,14,1745,124.6,120,sunflower,4,6,5,3,14.0,0,3,,decreasing,77,2026-07-10,2026-07-12
1039164459,neuviip,1,120,120.0,120,unicorn tree,1,17,1,1,1.0,0,1,,insufficient_data,47,2026-08-11,2026-08-11
1039308805,,3,210,70.0,60,jacaranda,3,11,2,1,3.0,0,1,,insufficient_data,4,2026-09-23,2026-09-23
1041896560,cxuei1,2,120,60.0,60,unicorn tree,2,3,2,1,2.0,0,1,,insufficient_data,11,2026-09-16,2026-09-16
1042113137,assruo,8,525,65.6,60,cherry blossom,3,12,4,3,7.0,0,1,,decreasing,3,2026-09-16,2026-09-24
1042610323,,1,75,75.0,75,rose,1,9,4,1,1.0,0,1,,insufficient_data,100,2026-06-19,2026-06-19
1044194292,,2,120,60.0,60,spooky tree,2,10,5,1,2.0,0,1,,insufficient_data,22,2026-09-05,2026-09-05
1044562840,Sho1430,4,420,105.0,90,forest spirit,4,18,0,4,2.33,0,2,,stable,8,2026-09-07,2026-09-19
1044801606,l0vechaseatlantic,1,30,30.0,30,mushroom,1,21,0,1,1.0,0,1,,insufficient_data,69,2026-07-20,2026-07-20
1045441630,,5,300,60.0,60,snowflake bush,4,20,1,4,1.75,0,1,,stable,45,2026-07-24,2026-08-13
1047397072,sh_khA6,2,180,90.0,90,sundae tree,2,8,1,1,2.0,0,1,,insufficient_data,5,2026-09-22,2026-09-22
1048600298,,1,60,60.0,60,pink rose,1,8,1,1,1.0,0,1,,insufficient_data,5,2026-09-22,2026-09-22
1052223498,xcv_30,1,60,60.0,60,jacaranda,1,21,5,1,1.0,0,1,,insufficient_data,8,2026-09-19,2026-09-19
1053677919,ouo_l,5,390,78.0,60,camellia,4,20,5,4,2.5,0,3,,increasing,1,2026-09-12,2026-09-26
1054697700,Fwj20,5,670,134.0,120,royal poinciana,4,15,1,4,4.38,0,2,,increasing,4,2026-09-15,2026-09-23
1055571737,iamshahadA,20,1530,76.5,90,carnation,11,9,1,7,7.78,0,2,,decreasing,1,2026-09-08,2026-09-26
1056003327,lolhack0,2,150,75.0,60,forest spirit,2,5,2,2,0.17,0,1,,insufficient_data,22,2026-06-17,2026-09-05
1058505897,user615227820,1,120,120.0,120,cuckoo clock,1,23,4,1,1.0,0,1,,insufficient_data,79,2026-07-10,2026-07-10
1059158982,sana_issa0,6,410,68.3,60,cosmos,3,16,4,4,1.91,0,1,,increasing,1,2026-09-04,2026-09-26
1059322418,kimsabuu,14,1060,75.7,60,blueberry cupcake,8,9,1,11,4.67,0,4,,decreasing,4,2026-09-02,2026-09-23
1062467803,Agust_d_55,13,1170,90.0,90,juliet,11,14,5,3,13.0,3,3,,stable,0,2026-09-25,2026-09-27
1062809281,besha_26,22,2670,121.4,120,starburst tree,4,11,0,5,22.0,0,2,,increasing,99,2026-06-13,2026-06-20
1063948219,exissttt,3,300,100.0,90,cosmos,3,10,3,2,3.0,0,1,,insufficient_data,3,2026-09-18,2026-09-24
1064800328,,40,1960,49.0,50,tulip,16,9,5,9,31.11,0,8,,stable,2,2026-09-16,2026-09-25
1065683214,owimr,3,295,98.3,85,tulip,2,16,4,2,3.0,0,1,,insufficient_data,6,2026-09-18,2026-09-21
1066337457,,2,160,80.0,70,camellia,2,14,3,2,2.0,0,1,0.0,insufficient_data,1,2026-09-24,2026-09-26
1067160029,zuvsn,36,2960,82.2,60,lotus,9,15,5,13,10.96,0,7,,increasing,1,2026-09-03,2026-09-26
1067989377,uiiieyyy,3,180,60.0,60,azalea,2,8,0,3,0.28,0,1,,insufficient_data,2,2026-07-11,2026-09-25
1068488763,wlllawi,4,300,75.0,60,dahlia,4,3,4,2,4.0,0,2,,decreasing,2,2026-09-24,2026-09-25
1068815188,fi0l8,1,75,75.0,75,lavender,1,14,1,1,1.0,0,1,,insufficient_data,5,2026-09-22,2026-09-22
1068918174,ButterflyPoison,36,2355,65.4,60,cherry blossom,15,16,5,11,19.38,0,4,,increasing,1,2026-09-13,2026-09-26
1070732250,afnan8880,11,1410,128.2,120,moon tree,6,6,4,6,3.35,0,3,,decreasing,7,2026-08-28,2026-09-20
1071616600,EE55908,6,470,78.3,65,carnation,3,2,6,5,4.2,1,4,,stable,0,2026-09-17,2026-09-27
1072074433,Drkp98,5,570,114.0,120,blueberry cupcake,3,21,5,1,5.0,0,1,,increasing,78,2026-07-11,2026-07-11
1073767180,bee_77,26,1440,55.4,30,unknown,8,7,6,10,1.73,1,2,,increasing,0,2026-06-14,2026-09-27
1073840792,fatimh323,43,1265,29.4,25,sunflower,12,19,6,10,2.98,0,4,,increasing,5,2026-06-13,2026-09-22
1074685816,curlyheadren,36,2195,61.0,60,cosmos,16,12,1,14,2.68,0,6,,stable,12,2026-06-13,2026-09-15
1074933079,Naya8_8,2,180,90.0,90,sunflower,1,9,3,1,2.0,0,1,,insufficient_data,3,2026-09-24,2026-09-24
1075116033,i_790m,5,430,86.0,90,candy tree,3,4,3,4,0.9,0,1,,increasing,10,2026-08-09,2026-09-17
1075186932,Dana2_019,1,60,60.0,60,monstera,1,14,2,1,1.0,0,1,,insufficient_data,18,2026-09-09,2026-09-09
1075903396,veoxe,1,90,90.0,90,flaming katy,1,22,3,1,1.0,0,1,,insufficient_data,10,2026-09-17,2026-09-17
1076868385,,1,120,120.0,120,rose,1,17,3,1,1.0,0,1,,insufficient_data,10,2026-09-17,2026-09-17
1076882376,sffjat,21,2460,117.1,120,cosmos,11,18,3,13,3.0,0,3,,decreasing,7,2026-08-02,2026-09-20
1077647445,,1,70,70.0,70,forest spirit,1,18,2,1,1.0,0,1,,insufficient_data,4,2026-09-23,2026-09-23
1078255195,drSnoopie,9,540,60.0,60,tulip,6,4,5,2,9.0,0,2,,stable,77,2026-07-11,2026-07-12
1081676231,svxrjj,1,120,120.0,120,wishing tree,1,17,5,1,1.0,0,1,,insufficient_data,1,2026-09-26,2026-09-26
1081688264,iamdloml,5,540,108.0,120,citrus macaron,5,10,6,5,3.89,1,4,,decreasing,0,2026-09-18,2026-09-27
1082153854,nnilx7,13,1530,117.7,120,moth orchid,8,12,4,6,11.38,0,3,,stable,9,2026-09-10,2026-09-18
1082266607,nor2818,67,5430,81.0,90,golden wings,18,7,5,20,5.58,0,6,,stable,2,2026-07-03,2026-09-25
1082319797,hzxiii,2,150,75.0,60,epiphyllum,2,13,1,2,2.0,0,1,,insufficient_data,12,2026-09-13,2026-09-15
1083384391,iighq1,36,5040,140.0,120,jacaranda,13,9,4,10,10.96,0,5,,stable,2,2026-09-02,2026-09-25
1083395183,,1,60,60.0,60,maple,1,7,3,1,1.0,0,1,,insufficient_data,101,2026-06-18,2026-06-18
1083746781,refaauh,1,90,90.0,90,carnation,1,8,4,1,1.0,0,1,,insufficient_data,30,2026-08-28,2026-08-28
1083761419,salghunaim,11,1090,99.1,120,unknown,6,0,2,8,3.35,0,2,,stable,25,2026-08-10,2026-09-02
1085954258,f_mxs,3,360,120.0,90,allium,2,15,2,3,1.17,1,1,,insufficient_data,0,2026-09-09,2026-09-27
1086075609,happy_lliifee,3,330,110.0,120,pink rose,2,12,5,1,3.0,0,1,,insufficient_data,1,2026-09-26,2026-09-26
1086182923,z3ma77,2,150,75.0,75,balloon flower,2,22,3,1,2.0,0,1,,insufficient_data,80,2026-07-09,2026-07-09
1086242153,cutiequeenf,1,60,60.0,60,royal poinciana,1,23,5,1,1.0,0,1,,insufficient_data,8,2026-09-19,2026-09-19
1086296191,rioxe_7,1,60,60.0,60,rose,1,14,4,1,1.0,0,1,,insufficient_data,79,2026-07-10,2026-07-10
1086966673,IsraaMoq,161,12330,76.6,60,wishing tree,35,13,5,43,14.27,6,10,0.0,stable,0,2026-07-10,2026-09-27
1086984055,drhnone,6,360,60.0,60,carnation,6,11,5,2,6.0,0,1,,stable,12,2026-09-12,2026-09-15
1087533028,ii_hmj,1,120,120.0,120,banana,1,23,5,1,1.0,0,1,,insufficient_data,78,2026-07-11,2026-07-11
1088165055,noiil21,36,2220,61.7,60,cloud moon tree,28,6,3,9,31.5,0,9,,stable,5,2026-09-14,2026-09-22
1088639129,Shahadrt1,2,120,60.0,60,cherry cheese cake,1,16,0,1,2.0,0,1,,insufficient_data,13,2026-09-14,2026-09-14
1090014922,Mk5Kh1,1,90,90.0,90,cuckoo clock,1,21,6,1,1.0,0,1,,insufficient_data,7,2026-09-20,2026-09-20
1090625668,amasmoh,6,400,66.7,60,jacaranda,5,6,4,6,2.21,0,2,,increasing,15,2026-08-24,2026-09-12
1093324015,,4,360,90.0,90,unknown,2,23,4,1,4.0,0,1,,stable,79,2026-07-10,2026-07-10
1094468297,jnoQu1,4,510,127.5,120,twilight guardian,2,5,1,4,1.12,0,2,,increasing,9,2026-08-24,2026-09-18
1095088219,liy13j,120,9925,82.7,60,red spider lily,51,4,3,33,8.32,6,6,0.0,stable,0,2026-06-18,2026-09-27
1095597340,saketsonakiya,40,2040,51.0,50,starburst tree,7,6,1,19,5.49,0,4,,stable,52,2026-06-16,2026-08-06
1096424557,w63783,14,1530,109.3,120,lemon cupcake,8,6,1,6,14.0,0,5,,decreasing,58,2026-07-25,2026-07-31
1096811047,dii47,3,210,70.0,75,blue flower,2,18,4,2,3.0,0,1,,insufficient_data,30,2026-08-24,2026-08-28
1097063434,uyaw1,1,60,60.0,60,cherry blossom,1,13,2,1,1.0,0,1,,insufficient_data,18,2026-09-09,2026-09-09
1098128580,amenaha7med,4,300,75.0,60,golden wings,4,6,2,3,4.0,0,3,,decreasing,11,2026-09-14,2026-09-16
1098754478,liea1,4,310,77.5,65,confederate rose,4,6,4,3,2.8,0,1,,increasing,7,2026-09-10,2026-09-20
1099283481,F_91is,43,2610,60.7,60,unknown,31,19,5,9,3.01,0,4,0.0,stable,6,2026-06-13,2026-09-21
1100257624,Joon429,10,750,75.0,60,royal poinciana,5,17,5,7,3.18,0,2,,decreasing,1,2026-09-04,2026-09-26
1101095805,,1,60,60.0,60,carnation,1,19,4,1,1.0,0,1,,insufficient_data,79,2026-07-10,2026-07-10
1103484652,iseba7,1,90,90.0,90,golden trumpet tree,1,19,4,1,1.0,0,1,,insufficient_data,16,2026-09-11,2026-09-11
1103556230,harshhhhh1111,1,90,90.0,90,lavender,1,9,5,1,1.0,0,1,,insufficient_data,78,2026-07-11,2026-07-11
1103769677,,5,320,64.0,50,blue oak tree,4,6,1,4,0.74,1,2,,increasing,0,2026-08-11,2026-09-27
1105623761,qxll7,2,360,180.0,180,forest spirit,2,14,4,2,2.0,0,1,,insufficient_data,100,2026-06-13,2026-06-19
1106142641,lp518i,1,120,120.0,120,blueberry macaron,1,10,3,1,1.0,0,1,,insufficient_data,3,2026-09-24,2026-09-24
1107187460,iklttui,1,40,40.0,40,wisteria,1,20,2,1,1.0,0,1,,insufficient_data,11,2026-09-16,2026-09-16
1107674088,Kadiioq,19,1590,83.7,90,wisteria,9,16,3,5,19.0,0,5,,increasing,7,2026-09-16,2026-09-20
1109795057,waii9,7,540,77.1,90,blueberry cupcake,4,6,5,5,4.08,0,2,,increasing,17,2026-08-29,2026-09-10
1111369024,sfcuz,2,100,50.0,50,geraniums fairy,1,2,0,2,2.0,0,1,,insufficient_data,17,2026-09-07,2026-09-10
1111603621,r1uxf,11,850,77.3,75,azalea,9,8,5,6,7.0,0,2,,increasing,7,2026-09-09,2026-09-20
1111874754,ullmik,9,720,80.0,80,carnation,2,10,2,2,9.0,0,1,,stable,2,2026-09-23,2026-09-25
1112074387,gala_436,3,270,90.0,90,apricot tree,3,14,0,3,2.62,0,1,,insufficient_data,1,2026-09-18,2026-09-26
1112963540,lamvnnn,1,60,60.0,60,sundae tree,1,20,0,1,1.0,0,1,,insufficient_data,13,2026-09-14,2026-09-14
1113270858,maybenony,1,60,60.0,60,royal poinciana,1,21,5,1,1.0,0,1,,insufficient_data,22,2026-09-05,2026-09-05
1113284974,fatoomalh,1,60,60.0,60,lily flower,1,9,5,1,1.0,0,1,,insufficient_data,8,2026-09-19,2026-09-19
1113285518,Ssham_08,1,15,15.0,15,jacaranda,1,16,4,1,1.0,0,1,,insufficient_data,9,2026-09-18,2026-09-18
1113454371,,7,960,137.1,180,cherry cheese cake,7,7,0,5,1.32,0,2,,stable,5,2026-08-16,2026-09-22
1115012354,sheyil3,3,300,100.0,90,celestial tree,3,16,5,1,3.0,0,1,,insufficient_data,1,2026-09-26,2026-09-26
1115828008,rery_ba,9,1020,113.3,90,lavender,5,12,4,7,5.73,0,4,,stable,2,2026-09-14,2026-09-25
1115962208,,5,780,156.0,180,plum blossom,3,20,0,5,5.0,0,5,,stable,4,2026-09-19,2026-09-23
1116216071,kili29g,3,185,61.7,60,lotus,2,15,5,2,3.0,0,1,,insufficient_data,6,2026-09-19,2026-09-21
1117191129,gx7g7x,9,1110,123.3,120,confederate rose,4,10,6,6,4.2,1,2,,decreasing,0,2026-09-12,2026-09-27
1118324951,Rbs_121,1,180,180.0,180,confederate rose,1,15,0,1,1.0,0,1,,insufficient_data,13,2026-09-14,2026-09-14
1118680928,,3,240,80.0,60,jacaranda,2,15,0,3,0.7,0,1,,insufficient_data,4,2026-08-24,2026-09-23
1118960585,pqpqpqpqqpqp,5,555,111.0,180,coffee macaron,4,6,1,5,2.06,0,1,,decreasing,8,2026-09-02,2026-09-19
1119672798,riiq5,2,180,90.0,90,plum blossom,2,16,0,2,2.0,0,1,,insufficient_data,16,2026-09-07,2026-09-11
1120471635,Nan44u,2,120,60.0,60,lover tree,2,18,5,1,2.0,0,1,,insufficient_data,1,2026-09-26,2026-09-26
1122416946,,11,845,76.8,60,starry tree,2,0,0,4,11.0,0,4,,increasing,39,2026-08-16,2026-08-19
1123558726,vrxi7,2,180,90.0,90,golden trumpet tree,2,9,4,2,2.0,0,2,,insufficient_data,8,2026-09-18,2026-09-19
1123759530,joo_559,5,450,90.0,90,blueberry cake,2,17,6,2,5.0,0,1,,stable,5,2026-09-20,2026-09-22
1126992464,chvoie_1,9,900,100.0,90,lantern flower,8,0,2,4,9.0,0,3,,increasing,95,2026-06-17,2026-06-24
1128312257,z_330,9,1440,160.0,180,muscat macaron,8,15,3,6,2.1,0,2,,stable,7,2026-08-21,2026-09-20
1128679192,spirited4,1,90,90.0,90,lily flower,1,11,5,1,1.0,0,1,,insufficient_data,22,2026-09-05,2026-09-05
1130286431,mit1s,1,90,90.0,90,sunflower,1,23,5,1,1.0,0,1,,insufficient_data,8,2026-09-19,2026-09-19
1131086129,,1,120,120.0,120,maple,1,15,5,1,1.0,0,1,,insufficient_data,8,2026-09-19,2026-09-19
1131738359,nono_ali138,39,1990,51.0,60,sundae tree,22,17,4,15,13.0,0,5,,stable,1,2026-09-05,2026-09-26
1131873554,ao_6pu,11,1205,109.5,120,lily flower,2,19,5,8,0.73,0,2,,increasing,1,2026-06-13,2026-09-26
1133539721,il4xu,4,400,100.0,120,wishing tree,2,19,0,4,0.42,0,1,,increasing,6,2026-07-16,2026-09-21
1133787563,wppse,2,180,90.0,90,geraniums,1,7,6,1,2.0,0,1,,insufficient_data,49,2026-08-09,2026-08-09
1133904747,JWAN_B,1,180,180.0,180,royal poinciana,1,11,5,1,1.0,0,1,,insufficient_data,1,2026-09-26,2026-09-26
1134768728,alkovu,11,680,61.8,60,allium,7,10,5,7,3.5,3,3,,stable,0,2026-09-05,2026-09-27
1135349329,justnonna,1,120,120.0,120,celestial tree,1,6,6,1,1.0,0,1,,insufficient_data,14,2026-09-13,2026-09-13
1136080499,,2,120,60.0,60,cosmos,1,17,2,1,2.0,0,1,,insufficient_data,18,2026-09-09,2026-09-09
1136833754,ixiul9,1,120,120.0,120,moon tree,1,20,5,1,1.0,0,1,,insufficient_data,8,2026-09-19,2026-09-19
1138576412,rzxi1,21,1240,59.0,60,royal poinciana,11,11,6,5,21.0,0,2,,stable,4,2026-09-17,2026-09-23
1138645661,s19290,3,280,93.3,30,plum blossom,1,17,5,2,0.2,0,1,,insufficient_data,1,2026-06-15,2026-09-26
1140769582,ooo970,3,170,56.7,60,bear's paw,2,5,6,2,3.0,0,1,,insufficient_data,51,2026-08-02,2026-08-07
1141324424,xoxoxoxoxoxoxoxoxoxoxxoxoxoxoxo,22,2640,120.0,120,azalea,9,5,5,13,2.41,0,6,,stable,14,2026-07-11,2026-09-13
1141630320,N6ooxl,1,90,90.0,90,cherry blossom,1,14,4,1,1.0,0,1,,insufficient_data,79,2026-07-10,2026-07-10
1142170563,shealmas,10,810,81.0,60,lotus,9,5,5,4,3.04,2,2,,decreasing,0,2026-09-04,2026-09-27
1144782918,roodin24,21,3160,150.5,180,royal poinciana,5,18,4,11,1.96,0,4,0.0,decreasing,2,2026-07-12,2026-09-25
1144938461,userShadn,1,60,60.0,60,chocolate strawberry cake,1,13,0,1,1.0,0,1,,insufficient_data,20,2026-09-07,2026-09-07
1145772808,CallmeSaleem,2,300,150.0,120,azalea,2,5,1,2,2.0,1,1,,insufficient_data,0,2026-09-22,2026-09-27
1146159310,verimlisaatler,3,95,31.7,10,6th anniversary cake tree,3,14,5,1,3.0,0,1,,insufficient_data,78,2026-07-11,2026-07-11
1147138246,monachopsisofjanj,1,90,90.0,90,dancing lady orchid,1,9,5,1,1.0,0,1,,insufficient_data,78,2026-07-11,2026-07-11
1148664764,sharma324928,1,55,55.0,55,jacaranda,1,2,5,1,1.0,0,1,,insufficient_data,78,2026-07-11,2026-07-11
1148790842,Laylamousa,5,480,96.0,90,royal poinciana,4,10,3,4,5.0,0,3,,increasing,87,2026-06-25,2026-07-02
1150063772,r3jzl,4,360,90.0,90,cosmos,2,12,3,3,2.55,0,1,,stable,13,2026-09-03,2026-09-14
1152655229,y4iml,2,120,60.0,60,luminie,1,15,0,2,2.0,0,1,,insufficient_data,11,2026-09-14,2026-09-16
1156068321,Tharaa_m,3,390,130.0,90,cuckoo clock,3,7,3,3,0.88,0,1,,insufficient_data,7,2026-08-27,2026-09-20
1156443508,,24,2100,87.5,90,dusty miller,19,6,1,14,5.79,0,3,0.0,stable,77,2026-06-13,2026-07-12
1156659238,Dawnatheaven,1,60,60.0,60,jacaranda,1,13,4,1,1.0,0,1,,insufficient_data,79,2026-07-10,2026-07-10
1156810143,loxxey,5,370,74.0,60,tulip,2,2,4,3,1.52,0,2,,increasing,56,2026-07-10,2026-08-02
1156940879,l1RT1,4,450,112.5,120,weeping willow,3,14,1,4,4.0,0,2,,increasing,3,2026-09-18,2026-09-24
1157171765,sandosah,1,45,45.0,45,mushroom,1,14,0,1,1.0,0,1,,insufficient_data,104,2026-06-15,2026-06-15
1157398263,EB_89t,32,2125,66.4,60,jacaranda,7,17,2,20,6.59,2,5,,stable,0,2026-08-24,2026-09-27
1158163497,Maryam_6633,3,330,110.0,120,sunflower,2,12,6,3,0.75,2,2,,insufficient_data,0,2026-08-30,2026-09-27
1159794154,resdr_r,27,3860,143.0,180,12th anniversary cake tree,21,6,1,12,4.97,3,5,,stable,0,2026-08-20,2026-09-27
1160135153,Nurse_ai,1,90,90.0,90,golden wings,1,18,5,1,1.0,0,1,,insufficient_data,1,2026-09-26,2026-09-26
1161655094,,3,240,80.0,90,jacaranda,3,10,6,2,3.0,0,1,,insufficient_data,22,2026-08-30,2026-09-05
1161849040,d1_zo,6,480,80.0,90,allium,5,0,0,4,4.2,0,3,,stable,4,2026-09-13,2026-09-23
1162420362,lialharbi,5,630,126.0,180,cake tree,3,1,0,3,5.0,0,3,,decreasing,104,2026-06-13,2026-06-15
1162597430,aRzczz,3,200,66.7,70,watermelon,1,20,6,2,3.0,0,1,,insufficient_data,51,2026-08-02,2026-08-07
1163691965,Layan2007l,2,165,82.5,75,lotus,2,7,1,2,2.0,0,2,,insufficient_data,11,2026-09-15,2026-09-16
1164566934,hah150,3,360,120.0,120,jacaranda,2,10,5,2,3.0,0,2,,insufficient_data,22,2026-09-04,2026-09-05
1166282563,,3,300,100.0,120,bellflower,3,12,5,2,3.0,0,2,,insufficient_data,77,2026-07-11,2026-07-12
1166475927,RainyRina,1,60,60.0,60,snapdragons,1,4,0,1,1.0,0,1,,insufficient_data,6,2026-09-21,2026-09-21
1166580956,d7t22,1,90,90.0,90,lily flower,1,18,3,1,1.0,0,1,,insufficient_data,3,2026-09-24,2026-09-24
116677164,kuw_b,191,16060,84.1,90,moth orchid,46,17,4,35,12.73,0,11,1.0,stable,1,2026-06-13,2026-09-26
1166774007,MMASHOU,2,240,120.0,120,cherry blossom,2,10,2,1,2.0,0,1,,insufficient_data,95,2026-06-24,2026-06-24
1167225413,Bromghji,4,360,90.0,90,carnation,4,7,5,2,4.0,0,2,0.0,stable,99,2026-06-19,2026-06-20
1170089391,,11,620,56.4,60,geraniums,3,3,2,6,7.7,0,3,,decreasing,15,2026-09-02,2026-09-12
1170296777,eoxvl,171,14770,86.4,60,azalea,35,19,5,24,38.61,0,8,,increasing,1,2026-08-26,2026-09-26
1170321602,,13,1320,101.5,120,carnation,5,15,3,11,3.64,0,4,,increasing,2,2026-08-31,2026-09-25
1171615719,i3h87,1,70,70.0,70,plum blossom,1,19,1,1,1.0,0,1,,insufficient_data,12,2026-09-15,2026-09-15
1172508572,svwnm,4,720,180.0,180,rose,3,10,3,3,0.41,0,1,,stable,10,2026-07-10,2026-09-17
1173014898,alhawrra_fa,26,2940,113.1,120,jacaranda,7,7,4,7,22.75,0,4,,increasing,8,2026-09-11,2026-09-19
1175900261,nikitaa_021,1,120,120.0,120,sunflower,1,23,4,1,1.0,0,1,,insufficient_data,79,2026-07-10,2026-07-10
1176157750,clile2,15,1380,92.0,90,starburst tree,5,17,0,9,1.11,0,2,,decreasing,1,2026-06-23,2026-09-26
1176272598,dddrwe,5,220,44.0,60,wisteria,1,13,6,1,5.0,0,1,,decreasing,7,2026-09-20,2026-09-20
1176905374,slpi2,51,5270,103.3,90,golden wings,15,9,5,17,5.1,0,5,,increasing,9,2026-07-10,2026-09-18
1183093613,qwiezc,1,40,40.0,40,snowdrop,1,6,1,1,1.0,0,1,,insufficient_data,12,2026-09-15,2026-09-15
1184137572,,11,875,79.5,90,strawberry cupcake,6,6,6,8,1.18,0,3,,increasing,2,2026-07-22,2026-09-25
1185913667,xloo8,20,2200,110.0,60,golden wings,9,18,2,14,1.57,0,2,,increasing,17,2026-06-13,2026-09-10
1186683791,,4,600,150.0,120,lavender,1,5,5,2,4.0,0,2,,stable,77,2026-07-11,2026-07-12
1186780117,,70,7110,101.6,120,wisteria,16,16,0,28,11.95,2,13,0.0,increasing,0,2026-08-17,2026-09-27
1187876669,shah_f0,2,360,180.0,180,twilight guardian,2,11,2,1,2.0,0,1,,insufficient_data,18,2026-09-09,2026-09-09
1187996827,iqvvn,5,450,90.0,90,plum blossom,5,5,5,3,5.0,0,2,,decreasing,103,2026-06-13,2026-06-16
1188359914,vnnmnmn,1,60,60.0,60,ice crystal bloom,1,10,2,1,1.0,0,1,,insufficient_data,4,2026-09-23,2026-09-23
1188419744,RoronoaLilo,12,750,62.5,60,dahlia,11,12,5,8,0.83,0,2,0.0,stable,5,2026-06-13,2026-09-22
1189537897,,13,810,62.3,90,sundae tree,11,4,6,6,13.0,0,4,,decreasing,3,2026-09-18,2026-09-24
1191172352,itsRnNada,99,6245,63.1,60,coffee macaron,14,14,5,17,6.6,0,5,,increasing,1,2026-06-13,2026-09-26
1192772690,DBT_20,1,120,120.0,120,balloon flower,1,13,0,1,1.0,0,1,,insufficient_data,41,2026-08-17,2026-08-17
1192967704,yosef_2222,2,70,35.0,35,carnation,1,22,5,1,2.0,0,1,,insufficient_data,1,2026-09-26,2026-09-26
1194853710,nada_0ll,1,90,90.0,90,scarecrow,1,12,5,1,1.0,0,1,,insufficient_data,78,2026-07-11,2026-07-11
1198440414,eycrv,6,360,60.0,60,moon tree,5,6,0,1,6.0,0,1,0.0,stable,62,2026-07-27,2026-07-27
1198654343,Maple_syrp,50,5250,105.0,120,blueberry cupcake,23,6,4,26,4.93,0,8,0.0,stable,8,2026-07-10,2026-09-19
1198806592,,41,2420,59.0,60,jacaranda,31,13,4,28,3.05,2,4,,stable,0,2026-06-25,2026-09-27
1200108807,zakia_sh2401,4,480,120.0,120,cherry blossom,4,10,3,3,4.0,0,2,,stable,87,2026-06-28,2026-07-02
1205841223,axjdiu,3,210,70.0,60,sunflower,2,0,0,2,1.11,0,1,,insufficient_data,15,2026-08-24,2026-09-12
1206395561,Qitx1,9,960,106.7,120,ginkgo,5,16,3,5,2.1,0,1,,stable,1,2026-08-27,2026-09-26
1207648784,legendjoji,1,80,80.0,80,12th anniversary cake tree,1,8,6,1,1.0,0,1,,insufficient_data,14,2026-09-13,2026-09-13
1207810208,abdulazizChess,3,280,93.3,90,lily flower,1,10,0,1,3.0,0,1,,insufficient_data,20,2026-09-07,2026-09-07
1208811178,nojonejo_1314,13,980,75.4,100,flaming katy,8,14,0,5,13.0,0,2,,stable,3,2026-09-18,2026-09-24
1209066314,zzz4498,2,95,47.5,35,snowflake bush,1,10,4,1,2.0,0,1,,insufficient_data,9,2026-09-18,2026-09-18
1209832552,,19,1775,93.4,120,luminie,18,18,2,14,5.12,0,3,,increasing,79,2026-06-14,2026-07-10
1210680074,Yaz9ee,42,5690,135.5,120,lavender,6,11,5,15,11.31,0,5,,increasing,24,2026-08-08,2026-09-03
1211414794,Fjjjooo,5,305,61.0,60,bellflower,2,15,4,4,5.0,0,3,,decreasing,93,2026-06-21,2026-06-26
1211505722,Liliun1,9,870,96.7,90,narcissus,8,2,0,6,7.88,0,3,,increasing,98,2026-06-13,2026-06-21
1212597037,,1,90,90.0,90,blueberry cake,1,1,0,1,1.0,0,1,,insufficient_data,13,2026-09-14,2026-09-14
1212826528,usjjj25,1,180,180.0,180,celestial tree,1,12,4,1,1.0,0,1,,insufficient_data,58,2026-07-31,2026-07-31
1214159632,iiiiio02,7,620,88.6,120,unknown,6,6,0,2,7.0,0,1,,decreasing,95,2026-06-22,2026-06-24
1215171944,charlorvi,14,1440,102.9,90,wishing tree,10,14,3,7,3.16,0,2,,increasing,4,2026-08-23,2026-09-23
1215291864,Clairdelune_66,23,1980,86.1,90,geraniums fairy,8,9,5,17,2.09,0,3,,stable,1,2026-07-11,2026-09-26
1216533830,wonnies8,1,60,60.0,60,maple,1,14,5,1,1.0,0,1,,insufficient_data,8,2026-09-19,2026-09-19
1217029393,uisp0,20,1740,87.0,90,cherry blossom,4,4,3,10,6.67,0,6,,stable,1,2026-09-05,2026-09-26
1218155019,Sweety207,4,330,82.5,60,dancing lady orchid,4,10,6,3,1.87,0,1,,increasing,8,2026-09-04,2026-09-19
1218789425,lobna2005,4,480,120.0,120,cloud moon tree,4,13,5,2,4.0,0,2,,stable,78,2026-07-10,2026-07-11
1222145511,,7,465,66.4,60,plum blossom,2,13,1,4,2.04,0,3,,increasing,10,2026-08-24,2026-09-17
1222474437,SH_S_M_L,1,180,180.0,180,cyclamen,1,3,1,1,1.0,0,1,0.0,insufficient_data,103,2026-06-16,2026-06-16
1222916047,N_gov,36,2460,68.3,60,dandelion,15,16,5,15,2.38,1,3,,decreasing,0,2026-06-13,2026-09-27
1223734327,dr2sr,7,420,60.0,60,strawberry cupcake,2,16,4,3,2.45,0,1,,stable,15,2026-08-23,2026-09-12
1226648817,yaf28,8,660,82.5,90,lily flower,3,16,4,4,6.22,0,3,,increasing,7,2026-09-11,2026-09-20
1228307167,,6,525,87.5,90,jacaranda,2,23,4,2,6.0,0,2,,increasing,1,2026-09-25,2026-09-26
1229037605,nibn8,12,1620,135.0,180,unknown,9,20,5,4,12.0,0,2,0.0,decreasing,99,2026-06-13,2026-06-20
1229713561,lama8s,3,180,60.0,60,moth orchid,3,19,6,1,3.0,0,1,,insufficient_data,14,2026-09-13,2026-09-13
1230983759,midLife8,6,375,62.5,60,wishing tree,4,14,0,5,4.2,0,1,,stable,14,2026-09-03,2026-09-13
1230992433,Just12ah,3,300,100.0,60,bellflower,3,2,0,3,3.0,0,2,,insufficient_data,6,2026-09-18,2026-09-21
1231754991,Tt1406,1,120,120.0,120,lover tree,1,14,5,1,1.0,0,1,,insufficient_data,57,2026-08-01,2026-08-01
1231763689,dappledlight,5,360,72.0,60,7th anniversary cake tree,5,9,4,3,5.0,0,3,,increasing,77,2026-07-10,2026-07-12
1232088003,bayan0p,2,170,85.0,50,plum blossom,2,6,4,1,2.0,0,1,1.0,insufficient_data,9,2026-09-18,2026-09-18
1233774550,Hga74675,3,210,70.0,60,sundae tree,2,11,4,2,3.0,0,1,,insufficient_data,4,2026-09-18,2026-09-23
1233889637,a3abd5,64,4750,74.2,90,cuckoo clock,16,21,0,10,4.23,2,2,0.667,decreasing,0,2026-06-13,2026-09-27
1236710679,rrihyj,5,525,105.0,120,12th anniversary cake tree,5,11,1,4,3.89,0,2,,increasing,18,2026-08-31,2026-09-09
1238482715,,2,120,60.0,60,forest spirit,2,14,5,1,2.0,0,1,,insufficient_data,1,2026-09-26,2026-09-26
1238663165,OKOKOKtok,3,330,110.0,90,golden wings,2,21,5,2,2.62,0,1,,insufficient_data,1,2026-09-18,2026-09-26
1240486211,wjdt9,2,360,180.0,180,carnation,2,12,4,2,2.0,0,1,,insufficient_data,16,2026-09-05,2026-09-11
1241174503,catharu,3,247,82.3,90,flaming katy,3,15,4,2,3.0,0,2,,insufficient_data,2,2026-09-24,2026-09-25
1241570833,,28,2820,100.7,90,twilight guardian,18,16,5,14,3.38,0,3,,stable,1,2026-07-30,2026-09-26
1242742111,rena30d,1,60,60.0,60,lily flower,1,10,6,1,1.0,0,1,,insufficient_data,77,2026-07-12,2026-07-12
1244710553,ar22ll,1,60,60.0,60,golden trumpet tree,1,13,2,1,1.0,0,1,,insufficient_data,11,2026-09-16,2026-09-16
1245079680,liluu67,7,995,142.1,180,lily flower,3,4,4,4,1.58,0,1,,increasing,6,2026-08-21,2026-09-21
1245734755,rxouu89,1,60,60.0,60,mock orange,1,3,4,1,1.0,0,1,,insufficient_data,100,2026-06-19,2026-06-19
1246566128,ilo4l,23,2430,105.7,90,calendula,20,13,2,8,4.88,0,3,,stable,2,2026-08-23,2026-09-25
1246898599,,3,180,60.0,60,lily flower,3,7,6,2,0.68,0,1,,insufficient_data,63,2026-06-25,2026-07-26
1247440365,,1,60,60.0,60,white calla lily,1,7,4,1,1.0,0,1,,insufficient_data,2,2026-09-25,2026-09-25
1247633406,JUSTPOM,1,120,120.0,120,cedar,1,19,1,1,1.0,0,1,0.0,insufficient_data,82,2026-07-07,2026-07-07
1248729871,Dnx7033,3,270,90.0,60,wishing tree,2,2,5,3,0.43,0,1,,insufficient_data,29,2026-07-11,2026-08-29
1249052123,ka_rs24,2,270,135.0,120,cosmos,2,3,2,2,2.0,0,1,,insufficient_data,11,2026-09-11,2026-09-16
1249322538,sde74,1,90,90.0,90,flaming katy,1,17,4,1,1.0,0,1,,insufficient_data,16,2026-09-11,2026-09-11
1249377539,svleu,2,270,135.0,90,citrus macaron,2,16,1,2,0.47,0,1,,insufficient_data,10,2026-08-18,2026-09-17
1249415666,alfenwasetah,5,420,84.0,60,cactus,4,3,3,4,5.0,0,2,,increasing,2,2026-09-21,2026-09-25
1250092143,ueoacv,6,420,70.0,60,moth orchid,3,15,6,4,1.2,0,2,,stable,7,2026-08-16,2026-09-20
1250997039,h_58ll,33,2440,73.9,70,white rose,17,18,1,10,2.26,0,5,,stable,1,2026-06-16,2026-09-26
1251498594,ilx88_0,5,450,90.0,90,celestial tree,5,1,1,4,5.0,0,4,,stable,37,2026-08-18,2026-08-21
1253550113,,30,2480,82.7,80,lavender,7,18,4,6,30.0,6,6,,increasing,0,2026-09-22,2026-09-27
1256532628,cedo3,2,90,45.0,45,cuckoo clock,1,22,4,1,2.0,0,1,,insufficient_data,79,2026-07-10,2026-07-10
1256666026,oooirn,1,120,120.0,120,monstera,1,11,2,1,1.0,0,1,0.0,insufficient_data,74,2026-07-15,2026-07-15
1257354653,Ror_hfh,1,45,45.0,45,coconut tree,1,1,0,1,1.0,0,1,,insufficient_data,13,2026-09-14,2026-09-14
1258159233,,1,80,80.0,80,plum blossom,1,7,6,1,1.0,0,1,,insufficient_data,77,2026-07-12,2026-07-12
1258216620,ic7iiii,2,150,75.0,60,forest spirit,1,9,1,1,2.0,0,1,,insufficient_data,5,2026-09-22,2026-09-22
1258350729,VeggyVale,2,90,45.0,30,dusty miller,2,15,0,2,0.4,0,1,,insufficient_data,6,2026-08-17,2026-09-21
1259027998,cattggirl,2,105,52.5,45,four-leaf clover,2,20,1,2,1.75,0,1,,insufficient_data,39,2026-08-11,2026-08-19
1259400490,yixzn,3,180,60.0,60,carnation,3,0,3,2,3.0,0,2,,insufficient_data,31,2026-08-26,2026-08-27
1259424702,XLPli,5,720,144.0,120,ice crystal bloom,1,20,0,4,2.92,0,2,,increasing,6,2026-09-09,2026-09-21
1260143426,ftta16,1,90,90.0,90,mushroom,1,20,3,1,1.0,0,1,,insufficient_data,10,2026-09-17,2026-09-17
1261072883,llcop3,3,210,70.0,70,moon tree,1,7,5,1,3.0,0,1,,insufficient_data,71,2026-07-18,2026-07-18
1261866840,,6,600,100.0,60,cherry blossom,4,18,0,5,3.0,0,2,,increasing,6,2026-09-07,2026-09-21
1262473189,cno_8,2,120,60.0,60,juliet,2,20,2,2,2.0,0,1,,insufficient_data,1,2026-09-23,2026-09-26
1263487712,xvxvxvwer,1,90,90.0,90,wishing tree,1,5,4,1,1.0,0,1,,insufficient_data,2,2026-09-25,2026-09-25
1265009902,Salah_Alhrbi,4,290,72.5,90,cosmos,4,0,0,2,1.08,0,1,,decreasing,78,2026-06-15,2026-07-11
1266953196,Rnshody,4,380,95.0,90,blueberry cake,3,13,0,4,2.8,0,3,,stable,24,2026-08-24,2026-09-03
1267082324,Hoor3z,2,180,90.0,90,royal poinciana,2,11,6,1,2.0,0,1,,insufficient_data,35,2026-08-23,2026-08-23
1268844096,alls_013,7,615,87.9,90,lily flower,5,21,0,4,7.0,0,2,,stable,10,2026-09-12,2026-09-17
1271372071,iiiluv,3,450,150.0,130,strawberry chiffon cake,2,10,4,2,3.0,0,1,,insufficient_data,9,2026-09-16,2026-09-18
1271644613,iiixs0,1,90,90.0,90,blueberry macaron,1,18,1,1,1.0,0,1,,insufficient_data,19,2026-09-08,2026-09-08
1272226259,simona_iannacci,14,640,45.7,50,lavender,12,9,1,8,2.8,0,2,,decreasing,10,2026-08-13,2026-09-17
1272840689,,2,140,70.0,50,epiphyllum,2,7,5,2,2.0,0,2,,insufficient_data,77,2026-07-11,2026-07-12
1273172126,dicrq,1,50,50.0,50,cherry blossom,1,17,6,1,1.0,0,1,,insufficient_data,7,2026-09-20,2026-09-20
1273408808,upli34,2,170,85.0,80,flame bloom,2,20,1,2,2.0,0,1,,insufficient_data,3,2026-09-22,2026-09-24
1273879412,,1,90,90.0,90,camellia,1,19,4,1,1.0,0,1,,insufficient_data,79,2026-07-10,2026-07-10
1274088277,F0sa16wahbi,3,160,53.3,60,carnation,3,7,1,3,0.46,0,1,0.5,insufficient_data,22,2026-07-21,2026-09-05
1275553231,berfinn04,16,1470,91.9,90,ginkgo,11,8,5,10,8.62,0,5,,stable,87,2026-06-19,2026-07-02
1276343270,Sabarishyaeger,37,1670,45.1,60,jacaranda fairy,9,11,1,14,6.47,0,6,,decreasing,5,2026-08-13,2026-09-22
1278743507,Atoofff,13,1500,115.4,120,tangerine tree,4,12,4,11,2.6,0,2,,stable,69,2026-06-15,2026-07-20
1278792234,,1,60,60.0,60,bush,1,19,6,1,1.0,0,1,,insufficient_data,42,2026-08-16,2026-08-16
1278864507,r_26k,3,300,100.0,90,cherry blossom,2,10,3,3,3.0,0,3,,insufficient_data,8,2026-09-17,2026-09-19
1279130787,vrvze,12,720,60.0,60,wishing tree,3,21,0,7,0.92,0,3,,stable,13,2026-06-15,2026-09-14
1280897668,,1,60,60.0,60,blueberry macaron,1,7,5,1,1.0,0,1,,insufficient_data,36,2026-08-22,2026-08-22
1282796543,re505l,13,800,61.5,60,wishing flower,5,21,4,7,3.79,1,2,,increasing,0,2026-09-03,2026-09-27
1283622862,o_098oo,4,720,180.0,180,star coral,3,21,3,3,4.0,0,3,,stable,3,2026-09-22,2026-09-24
1283808260,reem8rl,9,540,60.0,90,balloon flower,3,17,5,7,2.42,0,3,,decreasing,7,2026-08-25,2026-09-20
1284430411,mirrorbal0,21,1440,68.6,60,wishing tree,8,9,4,8,1.39,3,3,,stable,0,2026-06-13,2026-09-27
1285350302,sadeelaljabari,1,120,120.0,120,wishing tree,1,11,0,1,1.0,0,1,,insufficient_data,41,2026-08-17,2026-08-17
1286997135,,1,120,120.0,120,cedar,1,12,4,1,1.0,0,1,,insufficient_data,37,2026-08-21,2026-08-21
1287177110,osr_799,2,180,90.0,90,golden trumpet tree,1,16,3,1,2.0,0,1,,insufficient_data,3,2026-09-24,2026-09-24
1288230189,soullllyyy,1,90,90.0,90,blueberry cake,1,14,5,1,1.0,0,1,,insufficient_data,8,2026-09-19,2026-09-19
1288394537,tiny62x,7,600,85.7,60,ice crystal bloom,3,12,2,3,7.0,0,3,,increasing,86,2026-07-01,2026-07-03
1288497795,courage_dear_heart,38,4050,106.6,120,allium,19,12,5,14,12.09,0,8,,stable,1,2026-09-04,2026-09-26
1289058774,qnlyi,10,1590,159.0,180,cherry blossom,5,7,1,9,1.94,0,1,,increasing,3,2026-08-19,2026-09-24
1292478842,v9nri,1,90,90.0,90,bellflower,1,9,0,1,1.0,0,1,,insufficient_data,13,2026-09-14,2026-09-14
1292573978,,1,60,60.0,60,osmanthus,1,17,5,1,1.0,0,1,,insufficient_data,8,2026-09-19,2026-09-19
1294092774,,16,1210,75.6,90,wisteria,8,13,2,12,3.61,0,5,,increasing,25,2026-08-02,2026-09-02
1294782605,Anwar_3pp,2,120,60.0,60,blue oak tree,1,20,6,1,2.0,0,1,,insufficient_data,105,2026-06-14,2026-06-14
1295563357,sal_gh7,27,2695,99.8,100,tangerine tree,2,22,5,20,2.36,0,5,,increasing,1,2026-07-08,2026-09-26
1295928894,Dr_danah,33,2940,89.1,90,unicorn tree,12,13,0,11,2.38,0,3,,stable,8,2026-06-14,2026-09-19
1296204044,fnsRod,2,120,60.0,60,apple tree,2,14,5,2,1.08,0,1,,insufficient_data,8,2026-09-06,2026-09-19
1296695105,,22,3450,156.8,180,lotus,9,14,4,15,2.61,0,3,,decreasing,20,2026-07-10,2026-09-07
1299264177,lor0_5,4,420,105.0,90,lily flower,2,8,3,3,4.0,0,2,,stable,9,2026-09-15,2026-09-18
1300194267,vanillllia,80,5695,71.2,60,bellflower,23,16,3,15,31.11,0,10,,increasing,1,2026-09-08,2026-09-26
1300729338,xciop1,5,435,87.0,90,pink oak tree,4,7,5,3,0.71,0,2,,stable,28,2026-07-12,2026-08-30
1300761810,wliih,7,420,60.0,60,cherry blossom,3,18,0,4,2.88,0,2,,stable,3,2026-09-07,2026-09-24
1301731850,lyaVil,4,425,106.2,120,cherry blossom,2,2,6,3,2.8,0,2,,stable,91,2026-06-18,2026-06-28
1304389117,il6uo,6,645,107.5,95,coconut tree,2,11,4,1,6.0,0,1,,increasing,9,2026-09-18,2026-09-18
1308476710,jx_n4,79,6455,81.7,60,jacaranda,25,9,2,29,15.8,1,11,,decreasing,0,2026-08-23,2026-09-27
1309137515,svveeq,2,180,90.0,60,cloud moon tree,2,9,6,1,2.0,0,1,,insufficient_data,70,2026-07-19,2026-07-19
1310089935,ghala_a7med,36,3150,87.5,90,sunflower,12,13,5,14,2.4,1,7,,stable,0,2026-06-14,2026-09-27
1311691721,i4so0,3,300,100.0,90,bamboo,3,0,5,2,3.0,0,2,,insufficient_data,78,2026-07-10,2026-07-11
1311784478,lqkad,71,6300,88.7,90,juliet,12,19,6,26,6.37,1,4,0.0,stable,0,2026-07-11,2026-09-27
1312767113,ueimr,3,300,100.0,60,bush,1,18,0,3,3.0,0,2,,insufficient_data,1,2026-09-20,2026-09-26
1313313804,Ohangell,4,240,60.0,60,dahlia,4,14,0,1,4.0,0,1,,stable,6,2026-09-21,2026-09-21
1313863227,,1,60,60.0,60,matcha cupcake,1,14,5,1,1.0,0,1,,insufficient_data,78,2026-07-11,2026-07-11
1314172643,H_is_Studying,9,990,110.0,120,snowdrop,5,15,0,6,2.62,0,3,,stable,1,2026-09-02,2026-09-26
1316088501,shahad_ra70,1,60,60.0,60,red spider lily,1,13,0,1,1.0,0,1,,insufficient_data,20,2026-09-07,2026-09-07
1319311032,n3oiix,11,1315,119.5,120,12th anniversary cake tree,5,12,4,6,3.5,0,3,,stable,1,2026-09-04,2026-09-26
1322408036,aloo_p,1,60,60.0,60,monstera,1,6,1,1,1.0,0,1,,insufficient_data,19,2026-09-08,2026-09-08
1322953049,jojo_alharbi1,21,1470,70.0,60,hyacinth,15,13,5,11,5.07,2,2,,decreasing,0,2026-08-29,2026-09-27
1323013383,,2,110,55.0,55,carnation,2,21,3,1,2.0,0,1,,insufficient_data,31,2026-08-27,2026-08-27
1323971960,,7,490,70.0,60,lover tree,4,10,5,5,7.0,0,4,,stable,29,2026-08-22,2026-08-29
1324440902,usern11,1,90,90.0,90,cloud moon tree,1,15,3,1,1.0,0,1,0.0,insufficient_data,87,2026-07-02,2026-07-02
1324613485,reem_ren,1,30,30.0,30,mushroom,1,16,2,1,1.0,0,1,1.0,insufficient_data,102,2026-06-17,2026-06-17
1325019181,nifx_2,2,120,60.0,60,jacaranda,2,14,0,2,0.7,0,1,,insufficient_data,6,2026-09-01,2026-09-21
1325052385,,3,180,60.0,60,cherry blossom,2,11,1,3,3.0,0,2,,insufficient_data,8,2026-09-15,2026-09-19
1325633091,vrrrrs,10,1005,100.5,60,golden trumpet tree,4,1,4,4,3.04,0,1,,decreasing,14,2026-08-21,2026-09-13
1326893895,ikeez1,1,90,90.0,90,tangerine tree,1,1,6,1,1.0,1,1,,insufficient_data,0,2026-09-27,2026-09-27
1327339176,talle_cs,6,785,130.8,120,cherry blossom,4,17,0,5,2.8,0,2,,increasing,33,2026-08-10,2026-08-25
1327344346,ojjuvl,1,50,50.0,50,lavender,1,13,3,1,1.0,0,1,,insufficient_data,3,2026-09-24,2026-09-24
1327727870,qui4_8,22,2370,107.7,120,starry tree,3,11,4,5,15.4,0,2,,increasing,37,2026-08-11,2026-08-21
1327951831,tatyF0,4,310,77.5,25,candy tree,2,2,2,3,0.29,0,2,,increasing,3,2026-06-21,2026-09-24
1328762164,blue7fly,3,360,120.0,60,allium,3,9,2,3,2.33,0,1,,insufficient_data,4,2026-09-14,2026-09-23
1329857447,biiiil_1,6,640,106.7,120,balloon flower,6,6,5,5,1.4,0,1,,increasing,1,2026-08-27,2026-09-26
1330065111,taii56,3,260,86.7,90,jacaranda,2,9,0,3,3.0,0,2,,insufficient_data,14,2026-09-07,2026-09-13
1330692077,vl_q22,2,180,90.0,90,lily flower,2,12,4,2,2.0,0,2,,insufficient_data,99,2026-06-19,2026-06-20
1330919684,dvax7,1,90,90.0,90,celestial tree,1,1,5,1,1.0,0,1,,insufficient_data,57,2026-08-01,2026-08-01
1331943826,wmwmwnnwm,5,810,162.0,180,snowdrop,4,9,4,4,4.38,0,3,,decreasing,2,2026-09-17,2026-09-25
1331968940,f32_8,1,90,90.0,90,moth orchid,1,3,6,1,1.0,0,1,,insufficient_data,7,2026-09-20,2026-09-20
1333861867,itsRi9,10,800,80.0,90,wishing tree,6,18,4,8,4.67,0,3,,increasing,2,2026-09-10,2026-09-25
1334004196,llirn11,4,320,80.0,90,mooncake tree,2,1,5,2,4.0,0,1,,increasing,1,2026-09-24,2026-09-26
1335233199,yaramu44,2,120,60.0,60,star coral,2,1,5,2,1.75,0,1,0.0,insufficient_data,49,2026-08-01,2026-08-09
1337220677,Dan_99k,2,120,60.0,60,azalea,2,13,1,2,1.56,0,1,,insufficient_data,10,2026-09-08,2026-09-17
1338354308,ttavir,48,4140,86.2,60,unknown,26,19,3,28,3.2,0,5,,decreasing,1,2026-06-13,2026-09-26
1338382408,cxullt,2,240,120.0,60,confederate rose,2,9,5,1,2.0,0,1,,insufficient_data,78,2026-07-11,2026-07-11
1338773188,areena1,7,810,115.7,120,aqua pearl,7,18,0,4,6.12,0,2,,stable,1,2026-09-18,2026-09-26
1339700303,r4xe1,6,340,56.7,60,wishing tree,1,12,6,3,6.0,0,2,,decreasing,10,2026-09-13,2026-09-17
1340119249,rx_93,3,210,70.0,60,bamboo,2,8,3,2,2.33,0,1,,insufficient_data,17,2026-09-01,2026-09-10
1340417278,Enas_moq,2,270,135.0,120,ginkgo,2,14,4,1,2.0,0,1,,insufficient_data,9,2026-09-18,2026-09-18
1340620463,,4,270,67.5,60,cherry blossom,4,3,0,4,2.8,0,2,,decreasing,15,2026-09-02,2026-09-12
1340882213,nariiyx,2,120,60.0,60,dandelion,2,6,0,2,2.0,0,1,,insufficient_data,8,2026-09-14,2026-09-19
1341095778,Elieli123,17,1080,63.5,50,plumeria,14,20,5,12,2.25,0,2,,stable,1,2026-08-04,2026-09-26
1342750662,cuvsiq,14,910,65.0,60,dancing lady orchid,5,17,1,12,1.15,0,6,,decreasing,18,2026-06-16,2026-09-09
1344759332,,1,120,120.0,120,wisteria,1,17,5,1,1.0,0,1,,insufficient_data,78,2026-07-11,2026-07-11
1344849003,Tasnim_37,61,3740,61.3,50,jacaranda fairy,29,12,2,20,10.95,9,9,,decreasing,0,2026-08-19,2026-09-27
1347616195,mgwad2,2,215,107.5,95,star coral,1,12,1,2,2.0,0,1,,insufficient_data,61,2026-07-21,2026-07-28
1348016807,xil_xe,23,1930,83.9,90,starry tree,3,13,4,9,7.67,0,3,,stable,12,2026-08-25,2026-09-15
1348941696,Roon_12,51,3335,65.4,60,wishing tree,10,14,4,12,25.5,0,6,,decreasing,6,2026-09-07,2026-09-21
1349611649,,11,755,68.6,55,cosmos,8,18,0,7,7.0,0,4,,increasing,19,2026-08-28,2026-09-08
1349677373,La33ay,64,6335,99.0,60,lemon cake,15,10,2,26,7.86,0,13,0.0,decreasing,17,2026-07-15,2026-09-10
1350469722,iiiofr22,3,240,80.0,90,carnation,1,19,1,2,3.0,0,1,,insufficient_data,1,2026-09-22,2026-09-26
1351753067,allllr07,1,60,60.0,60,bald cypress,1,16,5,1,1.0,0,1,,insufficient_data,8,2026-09-19,2026-09-19
1352180951,iiokwn,6,360,60.0,60,flaming katy,3,0,0,2,6.0,0,1,,stable,2,2026-09-21,2026-09-25
1353067146,Dr_Juju,24,1995,83.1,60,allium,16,16,1,11,8.4,0,4,,increasing,1,2026-09-06,2026-09-26
1353849643,lioxxv,1,180,180.0,180,moon tree,1,4,1,1,1.0,0,1,,insufficient_data,47,2026-08-11,2026-08-11
1356097734,zos_1357,4,210,52.5,30,carnation,4,8,1,3,3.11,0,2,,increasing,11,2026-09-07,2026-09-16
1356282219,jft_o,28,1635,58.4,60,celestial tree,4,17,6,9,10.32,3,3,,stable,0,2026-09-08,2026-09-27
1356560666,quio7,11,1150,104.5,70,twilight guardian,6,8,4,7,5.5,0,3,,increasing,9,2026-09-04,2026-09-18
1357081776,ilcxvz,1,30,30.0,30,plum blossom,1,16,6,1,1.0,0,1,,insufficient_data,7,2026-09-20,2026-09-20
1358097809,,3,150,50.0,60,sundae tree,2,8,2,2,2.62,0,1,,insufficient_data,95,2026-06-16,2026-06-24
1359773947,,7,840,120.0,120,bald cypress,7,8,5,3,7.0,0,3,,stable,77,2026-07-10,2026-07-12
1361375499,heyourighthere,9,810,90.0,90,azalea,9,15,0,5,9.0,3,3,,increasing,0,2026-09-21,2026-09-27
1362721565,llo700,18,1935,107.5,90,dahlia,8,17,1,11,1.47,0,3,,decreasing,18,2026-06-15,2026-09-09
1363041998,Z_009h,3,280,93.3,70,twilight guardian,2,1,4,2,3.0,0,1,,insufficient_data,77,2026-07-10,2026-07-12
1364179110,l1t_y,1,140,140.0,140,carnation,1,15,6,1,1.0,0,1,,insufficient_data,14,2026-09-13,2026-09-13
1367047768,iz2llo,1,60,60.0,60,golden wings,1,6,6,1,1.0,0,1,,insufficient_data,7,2026-09-20,2026-09-20
1369132719,Laa_1118,2,120,60.0,60,jacaranda,2,16,1,2,0.56,0,1,,insufficient_data,8,2026-08-25,2026-09-19
1370016436,excvrt,1,180,180.0,180,carnation,1,15,1,1,1.0,0,1,,insufficient_data,68,2026-07-21,2026-07-21
1370791368,Jana0p0,1,30,30.0,30,sundae tree,1,15,6,1,1.0,0,1,,insufficient_data,21,2026-09-06,2026-09-06
1373700349,j43lp,2,130,65.0,60,wishing tree,1,1,1,2,1.4,0,1,,insufficient_data,26,2026-08-22,2026-09-01
1374566201,rixilir,101,6630,65.6,60,allium,36,17,4,29,19.64,1,16,,increasing,0,2026-08-22,2026-09-27
1377107122,i00jj,10,645,64.5,60,cherry cheese cake,7,17,0,5,1.67,0,3,,stable,64,2026-06-13,2026-07-25
1377431902,r0_035,18,1200,66.7,60,carnation,14,16,5,5,18.0,0,3,,stable,1,2026-09-19,2026-09-26
1378177726,vcejix,1,90,90.0,90,cherry cheese cake,1,18,6,1,1.0,0,1,,insufficient_data,28,2026-08-30,2026-08-30
1378400810,me76roo,1,60,60.0,60,cedar,1,12,6,1,1.0,1,1,,insufficient_data,0,2026-09-27,2026-09-27
1378578301,leenalqhtani0,6,210,35.0,30,lily flower,3,13,5,2,6.0,0,1,,increasing,1,2026-09-19,2026-09-26
1378946726,arjsen,13,1260,96.9,120,lotus,12,15,5,10,2.76,0,5,,increasing,1,2026-08-24,2026-09-26
1380474633,meeArisa,6,770,128.3,120,wishing tree,3,3,0,5,0.4,0,3,0.0,decreasing,1,2026-06-13,2026-09-26
1381262626,pxi6v,2,210,105.0,90,blue oak tree,2,14,2,1,2.0,0,1,,insufficient_data,39,2026-08-19,2026-08-19
1381356285,ygn00,3,180,60.0,60,choco chip cupcake,3,3,1,3,2.1,0,2,,insufficient_data,9,2026-09-08,2026-09-18
1381452691,Somerandom82guy,2,180,90.0,90,plum blossom,1,14,4,1,2.0,0,1,1.0,insufficient_data,72,2026-07-17,2026-07-17
1381512935,eeslac,6,450,75.0,60,maple,4,0,1,4,6.0,0,3,,increasing,5,2026-09-15,2026-09-22
1381761389,ji_322,6,440,73.3,90,osmanthus,5,15,5,5,0.41,0,2,,stable,1,2026-06-15,2026-09-26
1382116841,mochinekomd,199,15930,80.1,60,unknown,63,10,0,41,13.27,1,8,0.955,increasing,0,2026-06-14,2026-09-27
1382536608,,3,210,70.0,60,carnation,1,4,5,2,0.44,0,1,,insufficient_data,30,2026-07-11,2026-08-28
1384475412,rhoaiii,4,460,115.0,70,bald cypress,3,13,6,4,4.0,1,2,,increasing,0,2026-09-20,2026-09-27
1384812185,Ja80q,2,210,105.0,90,moth orchid,1,9,5,1,2.0,0,1,,insufficient_data,8,2026-09-19,2026-09-19
1385651225,d6ply,2,210,105.0,90,cherry blossom,2,6,1,2,2.0,0,1,,insufficient_data,12,2026-09-11,2026-09-15
1385755682,,1,90,90.0,90,plum blossom,1,12,4,1,1.0,0,1,,insufficient_data,2,2026-09-25,2026-09-25
1387391468,,14,1200,85.7,90,cuckoo clock,5,10,4,7,2.65,0,2,,stable,2,2026-08-19,2026-09-25
1388045055,i7_Su50,1,90,90.0,90,jacaranda,1,19,5,1,1.0,0,1,,insufficient_data,8,2026-09-19,2026-09-19
1388569102,ixiiy9,3,270,90.0,60,cosmos,3,15,3,2,3.0,0,1,,insufficient_data,4,2026-09-17,2026-09-23
1388841126,rory1200,2,180,90.0,90,wishing tree,2,1,0,2,1.17,0,1,,insufficient_data,92,2026-06-15,2026-06-27
1389311204,xllcloud,17,1040,61.2,45,cherry blossom,10,14,4,13,4.1,0,3,,stable,2,2026-08-27,2026-09-25
1389697903,flivl7,10,760,76.0,90,star coral,5,12,4,5,5.0,0,2,,stable,2,2026-09-11,2026-09-25
1390590458,Shathaax,1,90,90.0,90,bellflower,1,14,6,1,1.0,0,1,,insufficient_data,7,2026-09-20,2026-09-20
1392117160,Ra41111,13,980,75.4,60,jacaranda,4,19,6,8,1.15,1,2,,increasing,0,2026-07-10,2026-09-27
1393554857,h0ivl,2,180,90.0,90,celestial tree,1,17,6,1,2.0,0,1,,insufficient_data,21,2026-09-06,2026-09-06
1393662894,bbbipoi,1,60,60.0,60,moth orchid,1,15,6,1,1.0,1,1,,insufficient_data,0,2026-09-27,2026-09-27
1393664577,Drsarrrra,3,330,110.0,120,choco chip cupcake,3,15,0,2,3.0,0,1,,insufficient_data,6,2026-09-17,2026-09-21
1394763947,entropyr,7,675,96.4,120,wishing tree,1,6,5,4,4.08,0,1,,increasing,3,2026-09-12,2026-09-24
1396131964,llvvuu,1,90,90.0,90,12th anniversary cake tree,1,19,6,1,1.0,0,1,,insufficient_data,21,2026-09-06,2026-09-06
1397299653,wfxq111,9,660,73.3,60,jacaranda,5,18,3,9,1.54,0,3,,stable,1,2026-08-16,2026-09-26
1397907588,mulely,8,620,77.5,90,golden wings,4,4,0,6,4.31,1,3,,increasing,0,2026-09-14,2026-09-27
1397922045,Qamar122,1,180,180.0,180,dusty miller,1,5,3,1,1.0,0,1,,insufficient_data,59,2026-07-30,2026-07-30
1398271493,Saumyat25,1,90,90.0,90,blueberry macaron,1,5,6,1,1.0,0,1,,insufficient_data,77,2026-07-12,2026-07-12
1399233177,mihx3,18,1565,86.9,60,monstera,4,21,0,11,6.63,0,4,,increasing,8,2026-08-31,2026-09-19
1400283174,v_cpq,28,2060,73.6,60,winter starlight,20,5,5,10,3.32,0,5,,stable,19,2026-07-11,2026-09-08
1401619647,Somaya33,2,100,50.0,40,carnation,2,2,3,2,1.75,0,1,,insufficient_data,58,2026-07-23,2026-07-31
1401912916,ionclp,9,675,75.0,90,flame bloom,9,15,4,7,1.11,0,2,,decreasing,2,2026-07-30,2026-09-25
1402038049,,1,60,60.0,60,strawberry cupcake,1,1,0,1,1.0,0,1,,insufficient_data,13,2026-09-14,2026-09-14
1405418762,ilililili11l,3,165,55.0,60,rafflesia,2,3,6,1,3.0,0,1,,insufficient_data,77,2026-07-12,2026-07-12
1406713890,,4,240,60.0,60,lily flower,1,14,2,3,2.0,1,1,,stable,0,2026-09-13,2026-09-27
1407187290,LkVenus,1,60,60.0,60,snowdrop,1,19,2,1,1.0,0,1,,insufficient_data,11,2026-09-16,2026-09-16
1407379223,iire7,6,1020,170.0,180,ice crystal bloom,4,8,5,3,6.0,0,2,,increasing,5,2026-09-18,2026-09-22
1408247258,,3,195,65.0,45,water spirit,2,15,3,3,2.1,0,1,,insufficient_data,14,2026-09-03,2026-09-13
1408678391,jijiorjojo,1,95,95.0,95,lotus,1,21,6,1,1.0,0,1,,insufficient_data,21,2026-09-06,2026-09-06
1409999528,qlnr38,1,90,90.0,90,plum blossom,1,12,5,1,1.0,0,1,,insufficient_data,22,2026-09-05,2026-09-05
1419784031,vc_ux1,1,180,180.0,180,jacaranda,1,12,5,1,1.0,0,1,,insufficient_data,8,2026-09-19,2026-09-19
1420871065,,2,120,60.0,60,camellia,1,11,4,2,1.08,0,1,,insufficient_data,9,2026-09-05,2026-09-18
1420896407,xrxr3,1,75,75.0,75,carnation,1,13,4,1,1.0,0,1,,insufficient_data,51,2026-08-07,2026-08-07
1422029152,nodh77,1,180,180.0,180,cedar,1,16,5,1,1.0,0,1,,insufficient_data,8,2026-09-19,2026-09-19
1422495007,iiuie0,4,510,127.5,120,confederate rose,3,18,5,3,4.0,0,3,,increasing,22,2026-09-03,2026-09-05
1423061798,jooniit,14,1950,139.3,180,celestial tree,8,11,2,9,1.31,1,2,,stable,0,2026-07-14,2026-09-27
1425423440,ijin_7,42,4285,102.0,100,epiphyllum,14,18,3,14,2.83,0,3,0.333,stable,1,2026-06-14,2026-09-26
1425639660,L4lxn,3,270,90.0,90,corn poppy,3,14,6,3,2.62,0,2,,insufficient_data,7,2026-09-12,2026-09-20
1425994402,Lilli1122,1,180,180.0,180,golden wings,1,19,0,1,1.0,0,1,,insufficient_data,13,2026-09-14,2026-09-14
1426106372,ghd_224,50,5280,105.6,120,moth orchid,18,21,1,18,14.0,0,11,,stable,1,2026-09-01,2026-09-26
1427654580,hsbms18,10,875,87.5,90,starburst tree,7,0,5,9,2.06,0,4,,stable,1,2026-08-23,2026-09-26
1428510646,ijijijijij19,1,60,60.0,60,tangerine tree,1,17,5,1,1.0,0,1,,insufficient_data,1,2026-09-26,2026-09-26
1431644141,itssazzam,9,1470,163.3,180,golden trumpet tree,1,10,0,5,9.0,0,4,,increasing,26,2026-08-26,2026-09-01
1432582002,Ma_1420,1,90,90.0,90,lotus,1,4,4,1,1.0,0,1,,insufficient_data,2,2026-09-25,2026-09-25
1432885644,DrAN00dy,18,2100,116.7,120,azalea,10,7,0,3,18.0,0,2,,stable,5,2026-09-18,2026-09-22
1436103112,,5,250,50.0,50,balloon flower,1,9,0,3,5.0,0,3,,stable,25,2026-08-31,2026-09-02
1436768140,S_r_a_a_1,9,530,58.9,60,golden trumpet tree,6,8,0,4,9.0,0,2,0.0,stable,99,2026-06-15,2026-06-20
1437343612,mem3_7,9,840,93.3,90,snowflake bush,7,12,5,7,0.76,0,4,,stable,22,2026-06-14,2026-09-05
1437685872,Jo_ry222,2,320,160.0,140,plum blossom,2,6,2,2,2.0,0,2,,insufficient_data,17,2026-09-09,2026-09-10
1438835368,xilrud,7,640,91.4,90,bear's paw,7,12,2,5,4.08,0,2,,decreasing,6,2026-09-09,2026-09-21
1439596567,Mentalla_sabrry,7,120,17.1,10,celestial tree,2,22,0,2,1.81,0,1,,increasing,21,2026-08-10,2026-09-06
1440860608,hnx1h,6,340,56.7,60,carnation,6,13,4,2,6.0,0,2,,decreasing,78,2026-07-10,2026-07-11
1441006159,hazydaw,1,120,120.0,120,cosmos,1,7,5,1,1.0,0,1,,insufficient_data,1,2026-09-26,2026-09-26
1445073369,loloishappy,1,180,180.0,180,lemon cake,1,23,5,1,1.0,0,1,,insufficient_data,22,2026-09-05,2026-09-05
1450702183,,2,360,180.0,180,carnation,1,3,5,1,2.0,0,1,,insufficient_data,1,2026-09-26,2026-09-26
1451301299,ghi2323,6,510,85.0,90,starburst tree,4,13,2,5,1.83,0,2,,increasing,8,2026-08-27,2026-09-19
1451819468,iijlr1,3,300,100.0,90,cedar,2,5,1,2,3.0,0,1,,insufficient_data,86,2026-06-30,2026-07-03
1451917122,animinie0,5,330,66.0,60,cosmos,4,14,2,5,1.25,0,1,,decreasing,4,2026-08-26,2026-09-23
1452095170,nout07,2,185,92.5,90,camellia,2,16,3,2,2.0,0,1,,insufficient_data,3,2026-09-20,2026-09-24
1453265169,voldigoad7,44,2665,60.6,60,ginkgo,16,3,5,14,16.21,2,4,,stable,0,2026-09-08,2026-09-27
1453420189,xilillliii,9,780,86.7,60,lavender,7,14,6,5,1.4,0,2,,stable,60,2026-06-14,2026-07-29
1453605769,Ms_Bibliophile,288,25670,89.1,120,lily flower,59,18,6,74,19.2,5,10,0.8,stable,0,2026-06-14,2026-09-27
1456306851,Lujaiin_1,7,725,103.6,95,apricot tree,3,11,2,4,7.0,0,3,,stable,2,2026-09-21,2026-09-25
1456359689,ni1zx,14,1575,112.5,120,forest spirit,6,3,0,13,2.51,0,3,,stable,65,2026-06-15,2026-07-24
1457080355,upset26,1,180,180.0,180,ginkgo,1,19,6,1,1.0,0,1,,insufficient_data,21,2026-09-06,2026-09-06
1459658075,Dhaih3,1,60,60.0,60,monstera,1,14,5,1,1.0,0,1,,insufficient_data,8,2026-09-19,2026-09-19
1460675472,roveoxm,2,240,120.0,120,wisteria,1,6,5,2,2.0,0,2,,insufficient_data,77,2026-07-11,2026-07-12
1461143953,coffeexchaos,7,840,120.0,120,aqua pearl,5,13,5,3,7.0,0,3,,stable,77,2026-07-10,2026-07-12
1461690439,noramalh,1,60,60.0,60,jacaranda,1,4,2,1,1.0,0,1,,insufficient_data,11,2026-09-16,2026-09-16
1462101563,mariachivu,6,420,70.0,60,mushroom,5,7,0,2,6.0,0,1,,increasing,55,2026-07-27,2026-08-03
1462227389,maiqnp,1,90,90.0,90,lemon cake,1,20,2,1,1.0,0,1,,insufficient_data,46,2026-08-12,2026-08-12
1462397863,Tete_hopie,1,90,90.0,90,four-leaf clover,1,19,0,1,1.0,0,1,,insufficient_data,13,2026-09-14,2026-09-14
1462493376,LOVERAHD,1,120,120.0,120,aqua pearl,1,17,6,1,1.0,0,1,,insufficient_data,77,2026-07-12,2026-07-12
1463187459,TheWoodenPuppet,263,10506,39.9,25,twilight guardian,70,14,5,32,17.87,0,5,0.667,stable,3,2026-06-13,2026-09-24
1463843848,,3,315,105.0,120,12th anniversary cake tree,3,22,6,2,3.0,0,2,,insufficient_data,6,2026-09-20,2026-09-21
1465048099,w_86e,3,180,60.0,60,sunflower,2,8,5,1,3.0,0,1,,insufficient_data,78,2026-07-11,2026-07-11
1465074911,LuluSec,1,45,45.0,45,plum blossom,1,19,5,1,1.0,0,1,,insufficient_data,78,2026-07-11,2026-07-11
1465799028,,2,360,180.0,180,allium,2,11,2,2,1.4,0,1,,insufficient_data,11,2026-09-06,2026-09-16
1466387658,xx66ee,25,3480,139.2,180,camellia,11,17,1,15,5.0,0,6,,stable,3,2026-08-20,2026-09-24
1471162340,,1,120,120.0,120,candy tree,1,11,2,1,1.0,0,1,,insufficient_data,4,2026-09-23,2026-09-23
1474658764,geryanias,1,40,40.0,40,cedar,1,15,0,1,1.0,0,1,,insufficient_data,6,2026-09-21,2026-09-21
1474682899,lxlxlxl59,2,120,60.0,60,snowflake bush,1,19,5,1,2.0,0,1,,insufficient_data,1,2026-09-26,2026-09-26
1476022676,jocx9,1,120,120.0,120,unknown,1,7,0,1,1.0,0,1,,insufficient_data,104,2026-06-15,2026-06-15
1476726478,qxy625,2,105,52.5,45,jacaranda fairy,2,3,4,2,2.0,0,2,,insufficient_data,1,2026-09-25,2026-09-26
1478074403,,6,450,75.0,60,allium,3,4,0,4,6.0,0,2,,increasing,2,2026-09-18,2026-09-25
1479297963,monkeybigoted,10,990,99.0,90,forest spirit,8,7,4,7,3.33,0,3,,decreasing,2,2026-09-04,2026-09-25
1479456417,drNad00d4,23,1929,83.9,90,unknown,7,5,3,7,1.61,0,5,0.333,stable,5,2026-06-14,2026-09-22
1481987650,rag3456,1,60,60.0,60,pumpkin,1,0,6,1,1.0,1,1,,insufficient_data,0,2026-09-27,2026-09-27
1482235947,solocoldlonely,108,8100,75.0,60,lily flower,6,21,5,37,7.41,0,7,,decreasing,1,2026-06-16,2026-09-26
1483837942,rlx7j,12,1220,101.7,120,cloud moon tree,5,10,1,7,0.85,0,3,,decreasing,7,2026-06-13,2026-09-20
1485352036,shad8902,3,320,106.7,120,azalea,3,14,1,3,1.5,0,2,,insufficient_data,12,2026-09-01,2026-09-15
1485498453,Tii09na,2,180,90.0,60,azalea,2,3,4,2,0.15,0,1,0.0,insufficient_data,7,2026-06-19,2026-09-20
1486533203,Raghad_Rooro,54,2675,49.5,40,wishing tree,19,4,5,15,17.18,0,10,,decreasing,1,2026-09-04,2026-09-26
1490469285,,4,570,142.5,180,lavender,2,22,0,2,4.0,0,2,,stable,41,2026-08-16,2026-08-17
1490663542,leopomb,23,2225,96.7,60,celestial tree,5,5,5,16,3.66,0,5,,stable,39,2026-07-06,2026-08-19
1490927675,i9vibo,5,430,86.0,60,plum blossom,3,0,4,5,1.94,0,2,,decreasing,5,2026-09-04,2026-09-22
1493810428,lileqa,1,90,90.0,90,blueberry macaron,1,15,5,1,1.0,0,1,,insufficient_data,99,2026-06-20,2026-06-20
1494098606,Revan272,9,600,66.7,60,cherry blossom,3,19,2,3,9.0,0,1,,decreasing,36,2026-08-17,2026-08-22
1495279755,wliy3,4,240,60.0,60,black forest cake,4,18,3,1,4.0,0,1,,stable,38,2026-08-20,2026-08-20
1502359843,iouxo,6,330,55.0,40,bamboo,5,4,6,5,1.45,0,2,0.0,decreasing,77,2026-06-13,2026-07-12
151247362,gigliassium,3,160,53.3,50,blue oak tree,2,9,4,2,1.4,0,1,,insufficient_data,30,2026-08-13,2026-08-28
1512991451,rdrmn,6,495,82.5,90,carnation,4,16,4,2,6.0,0,1,,stable,100,2026-06-17,2026-06-19
1515541604,Winky_Lulu,42,4350,103.6,120,flame bloom,21,10,3,13,17.29,0,3,,decreasing,83,2026-06-19,2026-07-06
1516115080,Q5m15,3,150,50.0,60,forest spirit,1,0,3,2,3.0,0,2,,insufficient_data,94,2026-06-24,2026-06-25
1520176428,puuvx,1,60,60.0,60,lavender,1,21,1,1,1.0,0,1,,insufficient_data,19,2026-09-08,2026-09-08
1523678273,,1,180,180.0,180,osmanthus,1,10,5,1,1.0,0,1,,insufficient_data,15,2026-09-12,2026-09-12
1529243750,Rei00Rei,6,575,95.8,90,celestial tree,6,6,6,2,6.0,0,1,,stable,98,2026-06-17,2026-06-21
1536684779,Awa_55,1,120,120.0,120,lily flower,1,16,2,1,1.0,0,1,,insufficient_data,11,2026-09-16,2026-09-16
1543353007,,2,150,75.0,60,golden trumpet tree,2,11,5,2,2.0,0,2,,insufficient_data,21,2026-09-05,2026-09-06
1544937990,rawaff,3,290,96.7,80,cherry blossom,1,5,5,2,1.91,0,1,,insufficient_data,64,2026-07-14,2026-07-25
1545610266,future_li,2,270,135.0,90,cake tree,2,8,3,2,2.0,0,1,,insufficient_data,101,2026-06-14,2026-06-18
1547058566,Juwaniconic,1,60,60.0,60,juliet,1,12,6,1,1.0,0,1,,insufficient_data,7,2026-09-20,2026-09-20
1547819772,MA_1177,1,120,120.0,120,bald cypress,1,16,0,1,1.0,0,1,,insufficient_data,104,2026-06-15,2026-06-15
1550280554,Raghad_N16,60,5370,89.5,90,rose,16,6,0,23,11.05,0,6,,stable,66,2026-06-15,2026-07-23
1554003012,Halamoqasqas,15,1140,76.0,60,osmanthus,7,20,5,3,15.0,0,3,,decreasing,77,2026-07-10,2026-07-12
1554028506,lovlyelan,1,60,60.0,60,moth orchid,1,17,6,1,1.0,1,1,,insufficient_data,0,2026-09-27,2026-09-27
1564027547,y9oii_9,3,480,160.0,180,cedar,2,18,6,2,3.0,0,2,,insufficient_data,63,2026-07-25,2026-07-26
156527531,tyw702,140,14610,104.4,90,unicorn tree,20,18,1,43,12.56,0,10,,stable,10,2026-07-01,2026-09-17
1568671666,,7,450,64.3,60,wisteria,4,9,6,4,7.0,0,2,,decreasing,73,2026-07-09,2026-07-16
1568945102,lion8roni,13,740,56.9,60,rafflesia,8,17,2,11,1.34,0,2,,increasing,5,2026-07-16,2026-09-22
1569001402,kfuko1,1,110,110.0,110,blueberry macaron,1,1,1,1,1.0,0,1,,insufficient_data,40,2026-08-18,2026-08-18
1571029013,,6,660,110.0,120,maple,3,18,2,5,1.31,1,1,,stable,0,2026-08-26,2026-09-27
1573144554,roo_xi,1,120,120.0,120,lotus,1,5,4,1,1.0,0,1,,insufficient_data,44,2026-08-14,2026-08-14
1573362153,txx_ii,30,2140,71.3,60,mooncake tree,19,6,2,13,6.77,0,4,,stable,1,2026-08-26,2026-09-26
1575819634,li7evn,1,60,60.0,60,tangerine tree,1,20,5,1,1.0,0,1,,insufficient_data,1,2026-09-26,2026-09-26
1581772320,llionui,3,150,50.0,50,citrus macaron,3,14,6,1,3.0,0,1,,insufficient_data,77,2026-07-12,2026-07-12
1583414467,trrrrra1,43,3575,83.1,90,celestial tree,8,9,4,6,13.09,1,3,,increasing,0,2026-09-04,2026-09-27
1592076207,,7,715,102.1,90,weeping willow,3,0,0,4,7.0,0,4,,increasing,6,2026-09-18,2026-09-21
1593177398,BKT5O6,1,90,90.0,90,ginkgo,1,16,5,1,1.0,0,1,,insufficient_data,15,2026-09-12,2026-09-12
1593724947,li_ri7,17,1590,93.5,90,jacaranda,4,3,3,9,4.96,0,6,,decreasing,51,2026-07-14,2026-08-07
1599054399,sarahmohammed0,3,180,60.0,60,lily flower,1,1,4,2,3.0,0,1,,insufficient_data,2,2026-09-19,2026-09-25
1601379076,,10,530,53.0,50,moon tree,6,3,2,5,10.0,0,5,,increasing,101,2026-06-14,2026-06-18
1602404860,rdl_4,1,120,120.0,120,lily flower,1,10,0,1,1.0,0,1,,insufficient_data,6,2026-09-21,2026-09-21
1602847916,Bi_7r2,2,180,90.0,60,red spider lily,2,5,0,2,2.0,0,1,,insufficient_data,104,2026-06-13,2026-06-15
1603025241,xinffi,5,300,60.0,60,blueberry macaron,2,7,6,1,5.0,0,1,,stable,28,2026-08-30,2026-08-30
1604526077,atrx0,3,135,45.0,30,lavender,3,0,5,3,0.75,0,2,,insufficient_data,1,2026-08-29,2026-09-26
1607998651,il94e,14,840,60.0,60,calendula,13,11,4,4,14.0,0,2,,stable,9,2026-09-11,2026-09-18
1610801896,JIIIF7,2,120,60.0,60,juniper,1,18,5,1,2.0,0,1,,insufficient_data,8,2026-09-19,2026-09-19
1616142734,mpvxo,4,390,97.5,90,azalea,4,17,1,2,2.33,0,1,,increasing,7,2026-09-08,2026-09-20
1616560017,abdullahsaeed07,6,390,65.0,60,wishing tree,1,2,4,5,2.8,0,1,,increasing,5,2026-09-07,2026-09-22
1617459379,Ozveti,2,130,65.0,50,cedar,1,4,0,2,0.93,0,1,,insufficient_data,19,2026-08-24,2026-09-08
1619456728,Meluxdy,1,60,60.0,60,wishing flower,1,0,6,1,1.0,0,1,,insufficient_data,77,2026-07-12,2026-07-12
1620297150,i1l0u,1,120,120.0,120,lavender,1,10,2,1,1.0,0,1,,insufficient_data,95,2026-06-24,2026-06-24
1620823552,mjjjiishstar,15,1290,86.0,60,maple,11,13,5,13,2.14,0,2,,stable,50,2026-06-20,2026-08-08
1621114534,Dr_abdulah,1,120,120.0,120,geraniums fairy,1,9,4,1,1.0,0,1,,insufficient_data,9,2026-09-18,2026-09-18
1621702222,KHussain31,1,60,60.0,60,wishing tree,1,17,5,1,1.0,0,1,,insufficient_data,22,2026-09-05,2026-09-05
1621937435,ullo_28,1,100,100.0,100,tangerine tree,1,20,2,1,1.0,0,1,,insufficient_data,4,2026-09-23,2026-09-23
1623845388,x1y2z345,14,1550,110.7,120,plum blossom,10,10,6,11,2.39,0,4,0.0,stable,65,2026-06-13,2026-07-24
1631656583,v_xriq,3,180,60.0,60,cloud moon tree,3,7,3,2,3.0,0,1,,insufficient_data,1,2026-09-24,2026-09-26
1632986964,RIKER8,17,510,30.0,30,sunflower,6,14,6,6,13.22,2,2,,stable,0,2026-09-18,2026-09-27
1633796365,aahh_33a,4,330,82.5,90,snowflake bush,1,0,4,3,4.0,0,2,,increasing,23,2026-08-29,2026-09-04
1633887075,ennessen,2,80,40.0,35,bear's paw,1,7,3,1,2.0,0,1,,insufficient_data,10,2026-09-17,2026-09-17
1635634272,Yildiz_22,12,1120,93.3,120,12th anniversary cake tree,8,22,4,6,4.2,1,2,,increasing,0,2026-09-07,2026-09-27
1639088843,a1aaaaaaaaaaaaaaaaaaaaa,2,100,50.0,50,moon tree,2,16,1,1,2.0,0,1,,insufficient_data,5,2026-09-22,2026-09-22
1639244308,AMDSA_33,2,180,90.0,90,cloud moon tree,1,17,5,1,2.0,0,1,,insufficient_data,15,2026-09-12,2026-09-12
1640667477,,2,120,60.0,60,moon tree,2,12,5,1,2.0,0,1,,insufficient_data,8,2026-09-19,2026-09-19
1645048423,jwn_q,11,1285,116.8,120,blue flower,5,23,1,7,3.21,0,2,,increasing,3,2026-08-31,2026-09-24
1645991429,Skylarx_4,1,120,120.0,120,plum blossom,1,17,4,1,1.0,0,1,,insufficient_data,9,2026-09-18,2026-09-18
1649768599,m44wi,2,120,60.0,60,cyclamen,2,15,1,2,2.0,0,1,,insufficient_data,22,2026-09-01,2026-09-05
1652157663,rxryy_71,5,180,36.0,30,azalea,5,0,4,3,2.5,0,1,,decreasing,7,2026-09-06,2026-09-20
1653537651,hawraa_1ha,106,9810,92.5,60,lily flower,19,10,5,32,16.86,0,11,,stable,4,2026-08-10,2026-09-23
1653860596,uicerq,1,90,90.0,90,dandelion,1,1,3,1,1.0,0,1,,insufficient_data,17,2026-09-10,2026-09-10
1653895302,vvviawl,5,700,140.0,180,star coral,3,23,1,2,5.0,0,2,,increasing,33,2026-08-24,2026-08-25
1655789872,,1,90,90.0,90,cherry blossom,1,12,6,1,1.0,0,1,,insufficient_data,7,2026-09-20,2026-09-20
1655873686,,1,60,60.0,60,strawberry cupcake,1,11,2,1,1.0,0,1,,insufficient_data,25,2026-09-02,2026-09-02
1658760589,Lareen_K,1,60,60.0,60,cosmos,1,14,5,1,1.0,0,1,,insufficient_data,8,2026-09-19,2026-09-19
1660482362,imnaleen1,8,910,113.8,120,coconut tree,5,0,4,5,1.51,0,3,,increasing,2,2026-08-19,2026-09-25
1662209683,ofxxv,16,1330,83.1,60,celestial tree,10,17,3,8,1.44,1,1,,decreasing,0,2026-07-11,2026-09-27
1662267301,nada_mohmdd,1,120,120.0,120,strawberry macaron,1,5,6,1,1.0,0,1,,insufficient_data,7,2026-09-20,2026-09-20
1662785393,ba_es_n,4,275,68.8,60,carnation,2,9,0,4,0.74,0,1,1.0,decreasing,10,2026-08-10,2026-09-17
1663522760,riuvx,1,70,70.0,70,bush,1,18,3,1,1.0,0,1,,insufficient_data,59,2026-07-30,2026-07-30
1665246452,abeer_20008,6,420,70.0,50,lily flower,2,15,5,3,5.25,2,2,,increasing,0,2026-09-19,2026-09-27
1667842350,jjoooddddd,301,19290,64.1,60,pink rose,72,13,5,44,24.22,0,15,1.0,stable,19,2026-06-13,2026-09-08
1669748515,por0o,19,1600,84.2,60,cedar,7,10,5,8,1.25,2,2,,stable,0,2026-06-13,2026-09-27
1671120640,ljxvw,14,845,60.4,60,cloud moon tree,6,0,4,9,3.16,0,6,,stable,9,2026-08-18,2026-09-18
1673031382,law1ni,144,16560,115.0,120,luminie,39,10,1,39,20.16,2,12,,stable,0,2026-08-08,2026-09-27
1675237593,xjier,24,2690,112.1,120,mushroom,17,19,5,8,24.0,0,8,,increasing,99,2026-06-13,2026-06-20
1679535502,,15,2430,162.0,180,lily flower,5,8,6,9,1.05,2,3,,decreasing,0,2026-06-19,2026-09-27
1680799121,lleenmn,3,450,150.0,180,lavender,3,0,0,3,3.0,0,3,,insufficient_data,27,2026-08-29,2026-08-31
1682165211,r_6om7,2,65,32.5,30,snapdragons,2,2,3,2,2.0,0,1,,insufficient_data,1,2026-09-24,2026-09-26
1682428443,a8iloz,2,100,50.0,50,carnation,1,19,3,1,2.0,0,1,,insufficient_data,10,2026-09-17,2026-09-17
1682628311,loooo_ll,31,2840,91.6,90,golden wings,22,19,4,16,8.35,0,5,,increasing,2,2026-08-30,2026-09-25
1685450066,cn77z,3,240,80.0,90,forest spirit,3,3,2,2,3.0,0,2,,insufficient_data,11,2026-09-15,2026-09-16
168745269,lamay1,1,90,90.0,90,coconut tree,1,11,6,1,1.0,0,1,,insufficient_data,77,2026-07-12,2026-07-12
1693327332,vv75e,2,120,60.0,60,lantern flower,2,14,6,1,2.0,0,1,,insufficient_data,7,2026-09-20,2026-09-20
1694605255,l_lrirl,10,600,60.0,60,moon tree,8,5,2,6,5.83,0,3,,stable,6,2026-09-09,2026-09-21
1696418329,Rv7xi,3,180,60.0,60,monstera,3,17,1,2,3.0,0,2,,insufficient_data,5,2026-09-21,2026-09-22
1698405394,Liiio0o,13,1110,85.4,90,dusty miller,11,14,4,7,3.79,0,3,,stable,1,2026-09-02,2026-09-26
169924240,,110,4590,41.7,30,epiphyllum,67,20,6,33,8.28,0,6,,stable,12,2026-06-14,2026-09-15
1699970964,Suli_51,1,60,60.0,60,narcissus,1,14,0,1,1.0,0,1,,insufficient_data,20,2026-09-07,2026-09-07
1703812563,hanomeow,32,1900,59.4,60,red spider lily,16,16,0,10,11.2,0,4,,stable,1,2026-09-06,2026-09-26
1705121288,muznah05,1,90,90.0,90,rafflesia,1,11,3,1,1.0,0,1,,insufficient_data,10,2026-09-17,2026-09-17
1707433744,,1,30,30.0,30,wishing tree,1,17,2,1,1.0,0,1,,insufficient_data,18,2026-09-09,2026-09-09
1708033782,,12,820,68.3,90,purple oak tree,9,3,5,9,1.83,0,2,0.5,increasing,48,2026-06-25,2026-08-10
1712620771,WR966,1,30,30.0,30,citrus macaron,1,11,4,1,1.0,0,1,,insufficient_data,16,2026-09-11,2026-09-11
1713104119,princess1Lia,10,1065,106.5,100,lotus,2,22,5,5,2.26,0,1,,decreasing,1,2026-08-26,2026-09-26
1715063078,,2,150,75.0,60,lavender,2,20,3,1,2.0,0,1,,insufficient_data,3,2026-09-24,2026-09-24
1715932982,iliuivz,26,2475,95.2,90,celestial tree,9,16,6,14,5.87,0,6,,stable,11,2026-08-16,2026-09-16
1716360838,mroswc,10,910,91.0,60,cloud moon tree,7,3,4,7,3.33,0,2,,decreasing,5,2026-09-01,2026-09-22
1716711801,,14,840,60.0,60,wishing tree,10,23,5,7,7.54,0,4,,stable,9,2026-09-05,2026-09-18
1717028238,ilrews,1,60,60.0,60,epiphyllum,1,16,2,1,1.0,0,1,,insufficient_data,18,2026-09-09,2026-09-09
1718871165,Ajkl9r,67,4665,69.6,60,mock orange,17,16,5,22,15.13,4,7,,increasing,0,2026-08-27,2026-09-27
1721968118,iviillr,6,780,130.0,120,azalea,5,21,4,6,0.51,0,2,,increasing,9,2026-06-28,2026-09-18
1722347112,Sarra_hoshmandi,18,810,45.0,50,maple,7,5,6,11,4.06,1,5,,increasing,0,2026-08-27,2026-09-27
1723856733,Kikkad27,16,775,48.4,50,sundae tree,9,8,1,5,14.0,0,2,,stable,2,2026-09-17,2026-09-25
1725453325,J00Dm,3,180,60.0,60,mock orange,2,3,1,3,1.0,0,1,,insufficient_data,12,2026-08-25,2026-09-15
1729594040,,1,120,120.0,120,cherry blossom,1,22,4,1,1.0,0,1,,insufficient_data,2,2026-09-25,2026-09-25
1729989894,,1,60,60.0,60,cherry cheese cake,1,14,5,1,1.0,0,1,,insufficient_data,15,2026-09-12,2026-09-12
1731004296,xii_0llx,55,4270,77.6,90,confederate rose,22,9,4,12,3.81,3,3,,increasing,0,2026-06-18,2026-09-27
1731358025,sqe44,43,3615,84.1,90,blueberry cake,19,19,3,15,3.86,0,4,0.0,stable,1,2026-07-10,2026-09-26
1733161690,lix26,3,380,126.7,80,jacaranda,3,11,5,3,0.55,0,1,,insufficient_data,1,2026-08-19,2026-09-26
1735426831,o7ii6,9,730,81.1,90,lavender,7,10,5,7,0.82,2,2,,increasing,0,2026-07-12,2026-09-27
1736748780,janotodr,8,995,124.4,180,plum blossom,5,7,0,6,1.56,0,3,,increasing,6,2026-08-16,2026-09-21
1739883098,vv8nr,1,180,180.0,180,monstera,1,16,3,1,1.0,0,1,,insufficient_data,17,2026-09-10,2026-09-10
1739966726,solourme,1,120,120.0,120,osmanthus,1,21,5,1,1.0,0,1,,insufficient_data,8,2026-09-19,2026-09-19
1740351246,theluster1,58,5810,100.2,120,pink rose,13,18,0,19,4.37,0,8,,decreasing,3,2026-06-23,2026-09-24
1742219206,,3,300,100.0,90,unicorn tree,2,17,4,1,3.0,0,1,,insufficient_data,2,2026-09-25,2026-09-25
1744906032,Meshari445,8,790,98.8,60,unknown,1,21,5,3,8.0,0,3,,stable,104,2026-06-13,2026-06-15
1746291732,champcoast,2,110,55.0,50,jacaranda,2,16,0,2,1.0,0,1,,insufficient_data,6,2026-09-07,2026-09-21
1746569462,Bipasha_37,41,1805,44.0,60,ginkgo,15,4,5,19,3.3,0,4,1.0,increasing,5,2026-06-27,2026-09-22
174955604,Kosari_G,1,60,60.0,60,jacaranda,1,4,6,1,1.0,0,1,,insufficient_data,77,2026-07-12,2026-07-12
1749712842,x1zi6,3,260,86.7,100,tangerine tree,2,10,5,2,3.0,0,2,,insufficient_data,8,2026-09-18,2026-09-19
1750143203,fatimah_mu,1,60,60.0,60,unknown,1,21,5,1,1.0,0,1,,insufficient_data,106,2026-06-13,2026-06-13
1750414460,rinasoo,1,90,90.0,90,carnation,1,21,5,1,1.0,0,1,,insufficient_data,1,2026-09-26,2026-09-26
1751255177,VQ7cn,4,360,90.0,90,water spirit,1,6,3,2,0.4,0,1,,stable,31,2026-06-18,2026-08-27
1753221008,sarakasjk,4,540,135.0,120,wisteria,3,1,4,4,1.22,0,1,,increasing,77,2026-06-19,2026-07-12
1755391333,vil_xe,11,660,60.0,60,cherry blossom,7,14,4,4,11.0,0,4,,stable,8,2026-09-16,2026-09-19
1757250341,iunlil,6,600,100.0,120,lavender,2,4,1,4,3.82,0,1,,decreasing,57,2026-07-21,2026-08-01
1758805021,ilovedodi1,6,360,60.0,60,lemon cake,5,1,6,4,6.0,3,3,,stable,0,2026-09-20,2026-09-27
1759599058,lt7ii21,2,270,135.0,90,rose,1,5,4,2,2.0,1,1,,insufficient_data,0,2026-09-25,2026-09-27
1762273837,alivxai,7,420,60.0,60,cloud moon tree,7,1,5,1,7.0,0,1,,stable,1,2026-09-26,2026-09-26
1765924035,abdullah20283,2,240,120.0,120,moon tree,1,18,1,1,2.0,0,1,,insufficient_data,12,2026-09-15,2026-09-15
1769873326,lam11ar0,1,60,60.0,60,pink rose,1,23,4,1,1.0,0,1,,insufficient_data,9,2026-09-18,2026-09-18
1772470022,fo1007,5,600,120.0,120,lily flower,2,1,5,4,0.97,0,3,,stable,1,2026-08-21,2026-09-26
1773509217,iieoll,2,180,90.0,90,osmanthus,1,13,6,1,2.0,0,1,,insufficient_data,7,2026-09-20,2026-09-20
1774703113,janawd,18,1425,79.2,75,moth orchid,13,10,0,3,18.0,0,3,,stable,102,2026-06-15,2026-06-17
1774936078,g_j17r,2,125,62.5,45,allium,2,12,6,1,2.0,1,1,,insufficient_data,0,2026-09-27,2026-09-27
1775546547,Kim_YeOnA_7,7,660,94.3,90,golden trumpet tree,5,18,4,2,7.0,0,2,,stable,78,2026-07-10,2026-07-11
177693456,voxiiii,2,140,70.0,50,dancing lady orchid,2,2,3,2,2.0,0,1,,insufficient_data,8,2026-09-17,2026-09-19
1781034107,,1,90,90.0,90,cedar,1,17,2,1,1.0,0,1,,insufficient_data,18,2026-09-09,2026-09-09
1781452958,ahav7,3,330,110.0,125,unknown,2,22,0,2,3.0,0,1,,insufficient_data,1,2026-09-21,2026-09-26
1782119748,F_14499,56,6760,120.7,180,jacaranda,29,13,1,20,9.8,3,14,,decreasing,0,2026-08-18,2026-09-27
1786242661,blllll6,128,11430,89.3,90,mooncake tree,26,21,5,29,8.87,0,6,,stable,1,2026-06-17,2026-09-26
1791276073,bxa_554,4,480,120.0,120,golden trumpet tree,2,5,6,2,2.8,0,1,,stable,7,2026-09-10,2026-09-20
1791734553,n_h5r,3,300,100.0,90,cherry blossom,3,2,0,3,0.34,1,1,,insufficient_data,0,2026-07-27,2026-09-27
1792258045,lowubw,1,60,60.0,60,lover tree,1,9,6,1,1.0,0,1,,insufficient_data,77,2026-07-12,2026-07-12
1795256198,uxwi_3,3,135,45.0,35,four-leaf clover,3,6,1,3,3.0,0,3,,insufficient_data,3,2026-09-22,2026-09-24
1795727044,xon25m,8,660,82.5,90,cat-tail willow,7,13,2,4,4.31,0,2,,increasing,1,2026-09-13,2026-09-26
1799089160,coomoov,1,60,60.0,60,cat-tail willow,1,16,1,1,1.0,0,1,,insufficient_data,82,2026-07-07,2026-07-07
1799570354,caratzen_17,35,2070,59.1,60,jacaranda fairy,13,12,6,21,2.38,0,3,,stable,2,2026-06-14,2026-09-25
1800019066,,9,900,100.0,90,calendula,9,9,5,3,9.0,0,3,,stable,77,2026-07-10,2026-07-12
1800695605,,2,240,120.0,120,allium,2,19,2,2,1.17,0,1,,insufficient_data,4,2026-09-11,2026-09-23
1801243883,FCM4R,3,200,66.7,50,celestial tree,2,6,0,3,0.72,0,1,,insufficient_data,11,2026-08-18,2026-09-16
1802510495,Qabdullah,1,60,60.0,60,geraniums fairy,1,17,1,1,1.0,0,1,,insufficient_data,12,2026-09-15,2026-09-15
1804601344,a48_bf,1,90,90.0,90,bush,1,13,5,1,1.0,0,1,,insufficient_data,8,2026-09-19,2026-09-19
1806432731,reto_y,2,110,55.0,50,cosmos,2,19,5,1,2.0,0,1,,insufficient_data,8,2026-09-19,2026-09-19
1806509003,onlysdmm,4,510,127.5,120,cherry cheese cake,4,6,3,4,1.65,0,1,,increasing,14,2026-08-27,2026-09-13
1807146339,Adaa229,3,180,60.0,30,iris,1,16,5,1,3.0,0,1,,insufficient_data,78,2026-07-11,2026-07-11
1807266033,xroritax5,2,240,120.0,120,bald cypress,2,14,2,2,2.0,0,1,,insufficient_data,15,2026-09-09,2026-09-12
1808611704,reely6,3,240,80.0,60,ice crystal bloom,2,1,4,3,3.0,0,3,,insufficient_data,35,2026-08-21,2026-08-23
1809278626,meme_111s,62,5550,89.5,60,cosmos,7,3,2,13,12.4,0,6,,increasing,40,2026-07-14,2026-08-18
1809772902,WxQel,7,480,68.6,60,jacaranda,5,14,4,3,7.0,0,3,,increasing,8,2026-09-17,2026-09-19
1812404435,sta8f,31,3085,99.5,120,moon tree,10,20,4,22,5.29,0,5,,increasing,1,2026-08-16,2026-09-26
181471931,asmauo,1,120,120.0,120,tangerine tree,1,2,3,1,1.0,0,1,,insufficient_data,31,2026-08-27,2026-08-27
1814751341,Deemahalfayez,7,435,62.1,60,mushroom,5,1,3,5,0.52,0,2,,stable,11,2026-06-14,2026-09-16
1820435216,Zaa1m,15,1860,124.0,120,snowflake bush,5,15,6,12,1.02,0,2,,increasing,2,2026-06-14,2026-09-25
1824819252,RanaSafari,2,100,50.0,50,jacaranda,2,8,0,2,2.0,0,1,,insufficient_data,41,2026-08-14,2026-08-17
1826303176,ookyuu,2,240,120.0,60,lavender,2,12,0,2,2.0,0,1,,insufficient_data,9,2026-09-14,2026-09-18
1827196748,xilir7,2,120,60.0,60,12th anniversary cake tree,1,11,4,1,2.0,0,1,,insufficient_data,9,2026-09-18,2026-09-18
1829086059,algo79747,55,4110,74.7,60,sunflower,19,1,6,23,8.56,0,5,0.0,stable,6,2026-08-07,2026-09-21
1830179267,MS_713,10,1080,108.0,100,apricot tree,8,12,6,6,0.67,0,3,,decreasing,2,2026-06-13,2026-09-25
1832881685,Chaandpaar,39,3295,84.5,90,wishing tree,9,6,4,18,5.81,0,6,,increasing,59,2026-06-13,2026-07-30
1835706681,KrishGupta10,1,90,90.0,90,snowflake bush,1,19,4,1,1.0,0,1,,insufficient_data,79,2026-07-10,2026-07-10
1837172741,l5iiny,2,130,65.0,60,doggo tree,2,14,3,2,2.0,0,1,0.0,insufficient_data,49,2026-08-06,2026-08-09
1842506465,liza_cristy24,9,470,52.2,60,maple,4,1,4,5,7.88,0,2,,increasing,43,2026-08-07,2026-08-15
1843397249,Aarushi_19,20,2400,120.0,120,twilight guardian,12,19,6,11,3.41,0,5,0.0,stable,5,2026-08-12,2026-09-22
1843572962,iil5rr,2,150,75.0,60,lotus,1,10,1,2,0.67,0,1,,insufficient_data,19,2026-08-18,2026-09-08
1848516193,mincghost,7,1260,180.0,180,cyclamen,1,17,0,4,7.0,0,3,,stable,17,2026-09-06,2026-09-10
1848672212,l0329l,1,60,60.0,60,starry tree,1,7,1,1,1.0,0,1,,insufficient_data,33,2026-08-25,2026-08-25
1849662466,eiiilrl,1,90,90.0,90,moth orchid,1,15,4,1,1.0,0,1,,insufficient_data,30,2026-08-28,2026-08-28
1851312175,Rory_357,62,6535,105.4,60,unknown,13,22,5,17,25.53,15,15,,increasing,0,2026-09-10,2026-09-27
185374049,Ddcbqo,11,370,33.6,30,nightshade tree,7,3,5,10,2.33,0,4,,increasing,8,2026-08-17,2026-09-19
1856403660,itz_exone_019,2,85,42.5,35,lotus,1,1,3,1,2.0,0,1,,insufficient_data,10,2026-09-17,2026-09-17
1859608290,tr9_r,10,810,81.0,90,cherry blossom,2,16,0,4,7.78,0,2,,decreasing,4,2026-09-14,2026-09-23
1861103184,,10,1000,100.0,90,lavender,6,10,3,6,2.5,0,1,,decreasing,1,2026-08-29,2026-09-26
1862197623,F19S13,19,1710,90.0,90,juliet,13,2,5,8,1.49,0,2,,stable,16,2026-06-14,2026-09-11
1868307378,L_mej,1,110,110.0,110,lily flower,1,8,0,1,1.0,0,1,,insufficient_data,20,2026-09-07,2026-09-07
1870700551,sho_vx,1,90,90.0,90,royal poinciana,1,7,2,1,1.0,0,1,,insufficient_data,25,2026-09-02,2026-09-02
1870745647,cwviu,34,4185,123.1,120,lily flower,7,10,3,10,23.8,0,7,,increasing,1,2026-09-16,2026-09-26
1872292362,xxiqq7,6,660,110.0,120,ice crystal bloom,3,6,1,5,3.0,0,2,,decreasing,26,2026-08-18,2026-09-01
1875130751,rswq71,8,1050,131.2,180,unknown,5,19,5,4,8.0,0,3,1.0,decreasing,36,2026-08-16,2026-08-22
1875157735,koyaanisqatsi_R,54,6150,113.9,120,confederate rose,28,4,5,29,4.34,0,11,,stable,12,2026-06-20,2026-09-15
187670991,DoctorPedA,1,120,120.0,120,cedar,1,14,6,1,1.0,0,1,,insufficient_data,63,2026-07-26,2026-07-26
1878327450,,1,180,180.0,180,maple,1,0,3,1,1.0,0,1,,insufficient_data,59,2026-07-30,2026-07-30
188154846,,2,100,50.0,50,azalea,2,6,2,1,2.0,0,1,,insufficient_data,81,2026-07-08,2026-07-08
1886942524,,3,180,60.0,60,hyacinth,2,0,1,3,3.0,0,2,,insufficient_data,1,2026-09-22,2026-09-26
1888825703,khtqa,1,60,60.0,60,sundae tree,1,14,5,1,1.0,0,1,,insufficient_data,8,2026-09-19,2026-09-19
1889612710,ayaain,1,120,120.0,120,sunflower,1,8,3,1,1.0,0,1,,insufficient_data,24,2026-09-03,2026-09-03
1889963025,diil98,6,585,97.5,90,golden wings,3,16,5,4,1.4,0,2,,increasing,7,2026-08-21,2026-09-20
1895018298,qx_re,12,790,65.8,60,ginkgo,10,17,3,7,8.4,2,3,,stable,0,2026-09-17,2026-09-27
1896045687,seweear,3,240,80.0,60,allium,3,6,0,3,2.62,0,1,,insufficient_data,4,2026-09-15,2026-09-23
1897154753,,1,60,60.0,60,water spirit,1,18,1,1,1.0,0,1,,insufficient_data,26,2026-09-01,2026-09-01
189812318,ash891,1,90,90.0,90,azalea,1,14,4,1,1.0,0,1,,insufficient_data,2,2026-09-25,2026-09-25
1900822327,,5,340,68.0,70,royal poinciana,2,11,2,2,1.4,0,1,,stable,81,2026-06-13,2026-07-08
1901143124,ri2cl,1,90,90.0,90,narcissus,1,18,0,1,1.0,0,1,,insufficient_data,6,2026-09-21,2026-09-21
1903187939,beba31x,4,480,120.0,100,starry tree,1,8,1,3,1.4,0,1,,increasing,29,2026-08-09,2026-08-29
1905217775,rr7bi,2,110,55.0,50,star coral,2,13,4,1,2.0,0,1,,insufficient_data,9,2026-09-18,2026-09-18
1905756007,fudgeybrownies,8,900,112.5,120,ice crystal bloom,7,0,5,3,8.0,0,3,,decreasing,77,2026-07-10,2026-07-12
1907640613,ya005,15,1040,69.3,60,lily flower,12,3,1,9,5.0,0,3,,increasing,7,2026-08-30,2026-09-20
1908410169,,50,3930,78.6,60,wishing tree,22,0,5,17,3.37,0,5,0.8,decreasing,1,2026-06-14,2026-09-26
1909245782,Lavdeep,1,60,60.0,60,bald cypress,1,12,5,1,1.0,0,1,,insufficient_data,78,2026-07-11,2026-07-11
1910698619,x2oct,56,4110,73.4,60,royal poinciana,23,12,5,14,18.67,0,5,,decreasing,1,2026-09-05,2026-09-26
1910822990,,2,180,90.0,90,cactus,2,9,1,2,1.56,0,1,,insufficient_data,17,2026-09-01,2026-09-10
1911619475,JORIS7S,102,7520,73.7,60,blueberry cupcake,36,14,4,26,6.74,7,7,,increasing,0,2026-06-13,2026-09-27
1913239823,,1,120,120.0,120,azalea,1,7,5,1,1.0,0,1,,insufficient_data,78,2026-07-11,2026-07-11
1913654932,sarahibra00,1,120,120.0,120,cedar,1,15,5,1,1.0,0,1,,insufficient_data,1,2026-09-26,2026-09-26
1913827435,Dr_Rafeef,1,60,60.0,60,candy tree,1,16,0,1,1.0,0,1,,insufficient_data,6,2026-09-21,2026-09-21
1915526256,kfupmu,1,90,90.0,90,lemon cake,1,15,5,1,1.0,0,1,,insufficient_data,1,2026-09-26,2026-09-26
1918373071,,4,390,97.5,120,white rose,3,6,5,2,4.0,0,2,,increasing,77,2026-07-11,2026-07-12
1919240061,reoeew,4,290,72.5,60,lily flower,3,11,1,3,2.55,0,2,,stable,2,2026-09-14,2026-09-25
1919258923,,5,280,56.0,60,lover tree,2,13,1,5,1.94,0,2,0.0,increasing,5,2026-09-04,2026-09-22
1923746518,Jrixr,36,4660,129.4,180,moon tree,6,16,1,25,4.94,0,6,,increasing,26,2026-07-12,2026-09-01
1925134888,fa14313,3,210,70.0,60,bird of paradise,3,18,6,2,3.0,0,2,,insufficient_data,6,2026-09-20,2026-09-21
1926538880,juri3ah,3,180,60.0,60,cloud moon tree,2,11,4,1,3.0,0,1,,insufficient_data,9,2026-09-18,2026-09-18
1933300755,du_0_5,18,1530,85.0,60,dahlia,10,11,2,9,11.45,5,5,,increasing,0,2026-09-16,2026-09-27
1934488116,benkister,8,535,66.9,50,lavender,4,3,0,5,4.67,0,2,0.0,increasing,93,2026-06-14,2026-06-26
1935492793,xj3_1,3,450,150.0,180,plum blossom,2,2,5,1,3.0,0,1,,insufficient_data,1,2026-09-26,2026-09-26
1937252137,raiilii,2,105,52.5,45,camellia,2,9,6,2,0.67,1,1,0.0,insufficient_data,0,2026-09-06,2026-09-27
1938263675,Rerryyyyyyy,1,180,180.0,180,camellia,1,19,5,1,1.0,0,1,,insufficient_data,78,2026-07-11,2026-07-11
1939278867,YSLS0,15,1230,82.0,90,moth orchid,12,12,2,11,3.89,0,3,,increasing,6,2026-08-25,2026-09-21
1941746035,ixf7x,1,55,55.0,55,wishing tree,1,20,2,1,1.0,0,1,,insufficient_data,11,2026-09-16,2026-09-16
1943027024,almutiri_i,1,120,120.0,120,allium,1,18,2,1,1.0,0,1,,insufficient_data,4,2026-09-23,2026-09-23
1943572357,cvjnaug,5,340,68.0,60,lotus,3,10,5,4,3.5,0,2,,increasing,8,2026-09-09,2026-09-19
1944820325,zoxyc8,3,270,90.0,90,cedar,3,21,0,2,3.0,0,1,,insufficient_data,6,2026-09-16,2026-09-21
1944930244,nan0o,10,760,76.0,60,blueberry cupcake,5,15,1,5,3.68,0,2,,increasing,1,2026-09-07,2026-09-26
1947076712,ex8lo,4,235,58.8,50,celestial tree,3,1,5,3,1.47,0,1,,decreasing,3,2026-09-05,2026-09-24
1948025271,,4,550,137.5,120,carnation,4,1,2,3,4.0,0,2,,increasing,38,2026-08-16,2026-08-20
1950414322,jjj_A9,1,120,120.0,120,lily flower,1,23,5,1,1.0,0,1,,insufficient_data,1,2026-09-26,2026-09-26
1952674434,,1,120,120.0,120,jacaranda,1,15,6,1,1.0,0,1,,insufficient_data,70,2026-07-19,2026-07-19
1953404546,justtoolyy,10,905,90.5,90,lotus,3,18,2,6,4.38,0,4,,increasing,59,2026-07-14,2026-07-30
1953775750,x_wh9,5,315,63.0,60,lotus,4,15,6,5,2.69,0,2,,stable,28,2026-08-17,2026-08-30
1953953551,s_nex5,1,60,60.0,60,cherry blossom,1,10,6,1,1.0,0,1,,insufficient_data,77,2026-07-12,2026-07-12
1954606410,JWLIWJ,2,120,60.0,60,snowflake bush,1,4,6,1,2.0,0,1,,insufficient_data,77,2026-07-12,2026-07-12
1955253420,all8tz,1,60,60.0,60,blueberry macaron,1,20,4,1,1.0,0,1,,insufficient_data,79,2026-07-10,2026-07-10
1957321153,iinnk_i,1,60,60.0,60,lily flower,1,0,6,1,1.0,1,1,,insufficient_data,0,2026-09-27,2026-09-27
1957759108,Al_khaledii,1,90,90.0,90,plum blossom,1,15,1,1,1.0,0,1,,insufficient_data,12,2026-09-15,2026-09-15
1958359043,,7,740,105.7,60,maple,5,23,1,4,3.77,0,3,0.0,stable,14,2026-08-31,2026-09-13
1958434690,Ho123456ho,13,635,48.8,60,bush,3,4,2,8,6.07,0,2,,decreasing,16,2026-08-27,2026-09-11
1959466679,dazumii3,19,1480,77.9,90,cosmos,9,20,5,7,1.46,0,3,,increasing,15,2026-06-13,2026-09-12
1960279871,itsdemah,19,1380,72.6,60,camellia,15,18,0,12,1.68,1,4,,stable,0,2026-07-10,2026-09-27
1960966830,,102,12070,118.3,120,dahlia,22,15,2,34,7.29,7,7,,stable,0,2026-06-21,2026-09-27
1962121155,esnelh,2,150,75.0,60,ginkgo,2,14,3,2,2.0,0,1,,insufficient_data,7,2026-09-17,2026-09-20
1964706516,Lujain9_7,4,300,75.0,60,sunflower,3,22,3,3,2.33,0,1,,decreasing,10,2026-09-05,2026-09-17
1964862051,n3iny,20,1775,88.8,90,plum blossom,8,2,0,13,6.36,0,7,,stable,22,2026-08-14,2026-09-05
1965042575,,46,3480,75.7,60,star coral,13,6,4,17,16.1,4,5,,stable,0,2026-09-07,2026-09-27
1965284095,Qr_mrr4,61,4240,69.5,60,mock orange,27,10,3,15,4.15,0,6,0.5,stable,1,2026-06-15,2026-09-26
1966342536,,9,675,75.0,60,golden wings,7,10,0,3,9.0,0,2,,increasing,6,2026-09-18,2026-09-21
1967486506,rjjj_25,10,565,56.5,60,golden trumpet tree,7,19,5,8,7.78,0,3,,stable,1,2026-09-17,2026-09-26
1967730149,inerdysharknds,18,1410,78.3,90,cuckoo clock,12,12,4,6,1.3,0,3,0.875,decreasing,2,2026-06-20,2026-09-25
1970060044,SALEMM001,2,280,140.0,100,forest spirit,2,20,1,2,2.0,0,2,,insufficient_data,11,2026-09-15,2026-09-16
1970141282,sarasaramo,1,120,120.0,120,celestial tree,1,23,3,1,1.0,0,1,,insufficient_data,3,2026-09-24,2026-09-24
1970676734,l4_sa3,1,60,60.0,60,coconut tree,1,23,6,1,1.0,0,1,,insufficient_data,63,2026-07-26,2026-07-26
1970848012,ajukg,2,360,180.0,180,unicorn tree,1,5,0,2,2.0,0,1,,insufficient_data,37,2026-08-17,2026-08-21
1971630408,ms_ioo,7,930,132.9,120,lantern flower,4,19,2,2,7.0,0,1,,increasing,11,2026-09-14,2026-09-16
1972154615,ll89_0,4,450,112.5,120,maple,3,10,1,4,1.08,2,2,,decreasing,0,2026-09-01,2026-09-27
1973871933,Reemy_15,6,410,68.3,60,forest spirit,4,11,2,5,1.45,0,1,,stable,4,2026-08-25,2026-09-23
1976300552,,50,4545,90.9,60,cosmos,14,3,2,18,9.21,0,8,,decreasing,4,2026-08-16,2026-09-23
1976676073,vlik_7,25,1540,61.6,60,camellia,13,17,5,6,25.0,0,5,,increasing,8,2026-09-12,2026-09-19
1977618300,xchiery,1,60,60.0,60,red spider lily,1,22,2,1,1.0,0,1,,insufficient_data,11,2026-09-16,2026-09-16
1978289207,sqrt10000,20,2330,116.5,120,starburst tree,9,1,4,14,4.38,1,5,,increasing,0,2026-08-26,2026-09-27
1980305109,sirw_6,1,120,120.0,120,celestial tree,1,5,5,1,1.0,0,1,,insufficient_data,29,2026-08-29,2026-08-29
1980589820,hscotch,1,60,60.0,60,flame bloom,1,10,1,1,1.0,0,1,,insufficient_data,5,2026-09-22,2026-09-22
1981158727,Jio_84,2,160,80.0,70,blueberry cake,2,8,2,2,2.0,0,1,,insufficient_data,23,2026-09-02,2026-09-04
1981312508,gui_67i,134,11085,82.7,90,forest spirit,9,16,3,67,9.87,0,12,,stable,3,2026-06-21,2026-09-24
1982130026,A88I5,9,660,73.3,30,maple,3,10,3,5,9.0,0,4,,increasing,10,2026-09-10,2026-09-17
1983274933,aa1rr11,12,1470,122.5,120,planet guardian,6,4,5,7,7.64,0,5,,increasing,8,2026-09-08,2026-09-19
1984170756,jana9254,9,570,63.3,60,epiphyllum,7,0,0,7,2.25,0,3,,decreasing,6,2026-08-24,2026-09-21
1984952048,Joxw_22,111,10120,91.2,90,moon tree,30,8,6,40,10.79,0,12,,increasing,2,2026-07-15,2026-09-25
1986705362,loilpoi,2,150,75.0,75,choco chip cupcake,1,14,5,1,2.0,0,1,,insufficient_data,99,2026-06-20,2026-06-20
1988268445,ewxwl,3,180,60.0,30,strawberry cupcake,3,7,5,2,3.0,0,2,,insufficient_data,14,2026-09-12,2026-09-13
1988428688,kk14zz,6,300,50.0,60,golden wings,4,17,5,5,1.5,0,3,,stable,1,2026-08-29,2026-09-26
1989013858,,3,155,51.7,60,bush,3,15,3,2,3.0,0,2,,insufficient_data,23,2026-09-03,2026-09-04
1989778503,dwui7,7,720,102.9,120,dancing lady orchid,7,15,5,6,7.0,0,4,,increasing,3,2026-09-18,2026-09-24
1990220584,uxio0o,5,300,60.0,60,golden wings,2,7,0,3,5.0,0,2,,stable,8,2026-09-13,2026-09-19
1993442230,no_k89,6,340,56.7,60,blueberry cupcake,6,9,4,3,2.1,0,1,,increasing,3,2026-09-04,2026-09-24
1994236011,shq_vx,18,2030,112.8,120,moon tree,12,15,2,10,1.8,0,2,,increasing,8,2026-07-11,2026-09-19
1994489525,burnoyaa,2,360,180.0,180,celestial tree,2,19,4,2,2.0,0,2,,insufficient_data,78,2026-07-10,2026-07-11
1995052455,iix9c,24,2460,102.5,90,geraniums,16,16,5,15,2.3,0,2,,decreasing,1,2026-07-15,2026-09-26
1996257375,il2xc,1,45,45.0,45,lover tree,1,10,5,1,1.0,0,1,,insufficient_data,1,2026-09-26,2026-09-26
1996696516,leenggzk,9,770,85.6,90,cosmos,4,3,1,3,9.0,0,3,,increasing,39,2026-08-17,2026-08-19
1997757529,mljnsp7,2,240,120.0,120,cosmos,1,14,0,2,2.0,0,1,,insufficient_data,25,2026-08-31,2026-09-02
1999108483,eiiq88,60,6660,111.0,120,sunflower,33,9,4,18,5.92,0,9,0.0,stable,7,2026-07-11,2026-09-20
1999480613,Reernad,4,240,60.0,60,cedar,1,13,6,3,1.33,0,1,,stable,28,2026-08-09,2026-08-30
1999546823,janamgh,9,755,83.9,60,lover tree,5,5,1,7,2.17,0,2,,stable,3,2026-08-26,2026-09-24
2002863851,ert1n,1,90,90.0,90,golden wings,1,8,6,1,1.0,0,1,,insufficient_data,21,2026-09-06,2026-09-06
2003113798,abo_saleh76,158,14710,93.1,90,epiphyllum,27,16,5,61,11.52,0,16,0.0,decreasing,10,2026-06-13,2026-09-17
2004335280,blumpblip,1,60,60.0,60,sunflower,1,22,5,1,1.0,0,1,,insufficient_data,15,2026-09-12,2026-09-12
2006610858,ilr_ij,1,120,120.0,120,wishing tree,1,22,6,1,1.0,0,1,1.0,insufficient_data,105,2026-06-14,2026-06-14
2007248937,ohdklg,2,180,90.0,90,sundae tree,1,13,0,2,2.0,0,2,,insufficient_data,33,2026-08-24,2026-08-25
2011066664,,1,120,120.0,120,statue of tada,1,17,6,1,1.0,0,1,,insufficient_data,77,2026-07-12,2026-07-12
2011607686,,13,1020,78.5,90,star coral,1,19,0,5,4.33,0,2,0.0,decreasing,6,2026-08-31,2026-09-21
2011835999,,15,1340,89.3,90,geraniums,9,2,3,5,15.0,0,5,,increasing,42,2026-08-12,2026-08-16
2012353457,uvijl,3,160,53.3,30,wishing tree,2,14,5,3,0.78,0,1,,insufficient_data,2,2026-08-29,2026-09-25
2013190065,,1,90,90.0,90,sunflower,1,18,4,1,1.0,0,1,,insufficient_data,79,2026-07-10,2026-07-10
2016185912,Crl_Vill,1,180,180.0,180,lavender,1,3,5,1,1.0,0,1,,insufficient_data,1,2026-09-26,2026-09-26
2016610377,ran370,50,5410,108.2,60,pineapple tree house,16,4,0,16,18.42,0,5,,increasing,20,2026-08-19,2026-09-07
2016897877,ejjooye,1,60,60.0,60,sunflower,1,21,3,1,1.0,0,1,,insufficient_data,10,2026-09-17,2026-09-17
2017429706,w5_rw,1,120,120.0,120,plum blossom,1,15,5,1,1.0,0,1,,insufficient_data,36,2026-08-22,2026-08-22
2017963082,Bugra_Grbz,3,165,55.0,60,space tree,1,8,5,1,3.0,0,1,,insufficient_data,78,2026-07-11,2026-07-11
2018373404,Sho155,4,310,77.5,60,camellia,4,19,4,3,0.28,0,2,,stable,1,2026-06-18,2026-09-26
2019972862,bxli6l,3,450,150.0,180,blueberry cupcake,2,18,5,1,3.0,0,1,,insufficient_data,1,2026-09-26,2026-09-26
2021493580,n_2829,3,360,120.0,60,golden trumpet tree,3,1,0,3,3.0,0,2,,insufficient_data,100,2026-06-15,2026-06-19
2023761795,Danha67,133,12570,94.5,60,carnation,23,12,5,41,11.94,7,7,0.0,decreasing,0,2026-07-11,2026-09-27
2025844484,igvi1,7,990,141.4,120,watermelon tree house,3,1,1,6,3.5,0,3,,stable,5,2026-09-08,2026-09-22
2026151263,SheikhaAl_otaibi,17,2220,130.6,180,cherry blossom,7,14,6,11,5.41,4,4,,decreasing,0,2026-09-05,2026-09-27
2026560183,ixha70nk,11,1040,94.5,90,cloud moon tree,10,18,6,7,1.28,0,3,0.0,decreasing,19,2026-07-10,2026-09-08
2027586229,Rlllliw,7,420,60.0,60,citrus macaron,3,12,0,3,7.0,0,2,,stable,2,2026-09-21,2026-09-25
2029741257,myyyzz1,20,1885,94.2,120,snowflake bush,9,10,3,14,3.78,0,6,,stable,52,2026-06-30,2026-08-06
2030525480,r9xlii,1,60,60.0,60,choco chip cupcake,1,11,6,1,1.0,1,1,,insufficient_data,0,2026-09-27,2026-09-27
2032123026,SherlokHolmes77,7,1050,150.0,180,blueberry macaron,4,2,0,2,7.0,0,2,,decreasing,69,2026-07-19,2026-07-20
2035771059,,2,180,90.0,90,golden wings,1,21,0,1,2.0,0,1,,insufficient_data,27,2026-08-31,2026-08-31
2037197275,cop_90,26,1995,76.7,50,forest spirit,4,11,6,20,4.67,0,4,,increasing,1,2026-08-18,2026-09-26
2039040841,Albatool_wa7,3,360,120.0,120,apricot tree,3,9,5,2,3.0,0,1,,insufficient_data,1,2026-09-24,2026-09-26
2039499812,bluemercuury,2,150,75.0,70,cloud moon tree,2,12,4,2,2.0,0,1,,insufficient_data,77,2026-07-10,2026-07-12
2039649043,glv_5,10,1020,102.0,120,weeping willow,5,11,0,5,5.83,0,3,,decreasing,94,2026-06-13,2026-06-25
2041584563,drxscary,94,7235,77.0,90,juliet,13,13,2,28,17.32,0,6,0.0,increasing,1,2026-08-19,2026-09-26
2042654204,,2,320,160.0,160,monstera,1,1,0,1,2.0,0,1,,insufficient_data,34,2026-08-24,2026-08-24
2045265214,Aljoodi_84,1,120,120.0,120,wisteria,1,20,5,1,1.0,0,1,,insufficient_data,8,2026-09-19,2026-09-19
2046162068,,2,130,65.0,60,cosmos,1,20,4,1,2.0,0,1,,insufficient_data,79,2026-07-10,2026-07-10
2046265371,FFxoAA,298,35420,118.9,120,epiphyllum,32,17,6,68,20.65,0,42,0.0,stable,1,2026-06-17,2026-09-26
2047364793,lylee12,4,450,112.5,120,epiphyllum,4,3,3,2,4.0,0,1,,decreasing,24,2026-08-27,2026-09-03
2048963130,Ringsofbeauty,11,1270,115.5,120,azalea,5,12,3,8,1.33,1,2,,stable,0,2026-07-31,2026-09-27
2049999300,crvinw,1,120,120.0,120,star coral,1,9,5,1,1.0,0,1,,insufficient_data,8,2026-09-19,2026-09-19
2051269340,lirtv1,19,1890,99.5,60,citrus macaron,13,16,3,14,3.17,0,6,,decreasing,10,2026-08-06,2026-09-17
2052649295,dl7xd,1,180,180.0,180,snowflake bush,1,17,4,1,1.0,0,1,,insufficient_data,58,2026-07-31,2026-07-31
2054878135,KhKh1234a,4,190,47.5,60,osmanthus,2,20,4,3,4.0,0,2,,increasing,9,2026-09-12,2026-09-18
2055217645,Deadhead3773,10,430,43.0,45,lotus,1,11,5,3,10.0,0,3,,stable,1,2026-09-24,2026-09-26
2057231493,neverevee,37,2320,62.7,60,moon tree,18,14,6,19,7.62,0,4,,stable,1,2026-08-23,2026-09-26
2058305704,asah008,4,260,65.0,90,geraniums,2,7,6,3,1.56,0,1,,decreasing,8,2026-09-01,2026-09-19
2059700023,aereo01,3,240,80.0,90,allium,2,5,0,3,2.1,0,1,,insufficient_data,3,2026-09-14,2026-09-24
2066069973,WA7_707,2,200,100.0,100,carnation,1,13,5,1,2.0,0,1,,insufficient_data,22,2026-09-05,2026-09-05
2067301013,l15uu,4,365,91.2,120,camellia,4,10,5,4,1.33,0,1,,decreasing,29,2026-08-08,2026-08-29
2067338225,Balsam_24,8,810,101.2,60,moth orchid,7,0,2,5,0.55,0,3,,increasing,3,2026-06-14,2026-09-24
2069684450,,1,60,60.0,60,white calla lily,1,12,3,1,1.0,0,1,,insufficient_data,101,2026-06-18,2026-06-18
2073093176,alaaSA_511,1,90,90.0,90,lover tree,1,22,4,1,1.0,0,1,,insufficient_data,2,2026-09-25,2026-09-25
2073843036,drozgee,19,2250,118.4,120,royal poinciana,10,7,0,10,4.59,0,5,,stable,65,2026-06-25,2026-07-24
2075138658,qw_ix,14,1080,77.1,90,allium,12,8,3,7,3.77,0,2,,decreasing,1,2026-08-31,2026-09-26
2077822480,super5hit,1,60,60.0,60,coffee macaron,1,13,0,1,1.0,0,1,,insufficient_data,13,2026-09-14,2026-09-14
2086819125,slovcsa,1,120,120.0,120,jacaranda fairy,1,17,5,1,1.0,0,1,,insufficient_data,8,2026-09-19,2026-09-19
2090236008,niceyrt,12,1620,135.0,180,forest spirit,7,6,2,11,2.27,0,2,,stable,36,2026-07-16,2026-08-22
2090996439,DeemaStrawberry,4,450,112.5,120,sundae tree,3,6,2,3,0.58,0,1,,increasing,30,2026-07-11,2026-08-28
2092070989,ri16u,2,140,70.0,60,cosmos,1,8,2,2,2.0,0,1,,insufficient_data,100,2026-06-17,2026-06-19
2092686919,,32,4185,130.8,180,snowflake bush,11,10,5,18,5.6,0,8,,decreasing,1,2026-08-17,2026-09-26
2096423094,seely_art,36,3580,99.4,120,golden wings,13,4,1,20,3.23,0,3,0.0,stable,25,2026-06-16,2026-09-02
2106560797,ra54i,2,180,90.0,90,balloon flower,2,11,0,2,2.0,0,2,,insufficient_data,12,2026-09-14,2026-09-15
2108830752,zzzzz08080808,1,180,180.0,180,lotus,1,19,6,1,1.0,0,1,,insufficient_data,7,2026-09-20,2026-09-20
2109291862,aljowaiehala,10,1035,103.5,60,tulip,5,21,0,8,1.52,0,4,,increasing,30,2026-07-13,2026-08-28
2111907422,UOUODE,1,45,45.0,45,iris,1,2,5,1,1.0,0,1,,insufficient_data,43,2026-08-15,2026-08-15
2112527079,mii_122,1,90,90.0,90,carnation,1,18,5,1,1.0,0,1,,insufficient_data,1,2026-09-26,2026-09-26
2114339313,x7mzl,79,6705,84.9,90,sunflower,16,17,6,38,7.68,0,7,,stable,33,2026-06-14,2026-08-25
2115792948,jetF2,3,180,60.0,60,unknown,2,2,6,2,3.0,0,2,,insufficient_data,105,2026-06-13,2026-06-14
2118078181,AKIKKHAN,8,385,48.1,35,jacaranda,6,5,6,3,8.0,0,3,,decreasing,77,2026-07-10,2026-07-12
2119755371,n006_15,2,120,60.0,60,monstera,1,17,2,1,2.0,0,1,,insufficient_data,11,2026-09-16,2026-09-16
2125136209,,5,295,59.0,60,wisteria,1,15,5,2,5.0,0,2,,stable,78,2026-07-10,2026-07-11
2128190651,DGIIDG,2,130,65.0,60,jacaranda,2,6,2,2,2.0,0,1,,insufficient_data,18,2026-09-06,2026-09-09
2133825090,Jana112,2,170,85.0,50,osmanthus,2,15,5,1,2.0,0,1,,insufficient_data,1,2026-09-26,2026-09-26
2141687485,CyberCuittea,34,4360,128.2,180,jacaranda,8,17,5,16,7.93,0,7,,increasing,36,2026-07-23,2026-08-22
2144706531,shh55lii,1,80,80.0,80,plum blossom,1,23,4,1,1.0,0,1,,insufficient_data,79,2026-07-10,2026-07-10
217759909,acesthetic,4,250,62.5,50,lemon cupcake,4,15,3,4,0.28,0,1,,decreasing,1,2026-06-18,2026-09-26
222328230,alessandra1501,17,650,38.2,35,unknown,16,12,2,8,13.22,1,6,,stable,0,2026-09-18,2026-09-27
232166719,WaadCS,1,180,180.0,180,12th anniversary cake tree,1,12,3,1,1.0,0,1,,insufficient_data,24,2026-09-03,2026-09-03
245561349,Ereelyn,5,150,30.0,30,golden trumpet tree,4,16,4,4,0.66,0,2,,stable,30,2026-07-06,2026-08-28
261939997,daily_liz,21,1470,70.0,60,ice crystal bloom,19,12,1,15,1.56,0,3,0.5,stable,6,2026-06-19,2026-09-21
267923234,Reem9819,1,60,60.0,60,strawberry macaron,1,10,5,1,1.0,0,1,,insufficient_data,1,2026-09-26,2026-09-26
27501278,colchicu,2,180,90.0,90,calendula,2,10,5,1,2.0,0,1,,insufficient_data,78,2026-07-11,2026-07-11
287111136,Valeriaceli,1,60,60.0,60,mock orange,1,17,0,1,1.0,0,1,,insufficient_data,34,2026-08-24,2026-08-24
313159348,Azoz_oth,7,600,85.7,90,planet guardian,2,20,1,4,0.53,0,3,,increasing,12,2026-06-14,2026-09-15
322244983,,1,120,120.0,120,royal poinciana,1,0,6,1,1.0,0,1,,insufficient_data,77,2026-07-12,2026-07-12
344025863,nglbrcht,29,1430,49.3,50,royal poinciana,24,13,1,4,10.68,0,2,,stable,84,2026-06-16,2026-07-05
359171373,,180,12900,71.7,60,unknown,94,14,1,61,12.35,0,10,,increasing,4,2026-06-13,2026-09-23
366170334,Malak_jawish,3,180,60.0,60,osmanthus,2,11,2,2,1.11,0,1,,insufficient_data,39,2026-07-31,2026-08-19
368595316,,1,30,30.0,30,lemon cupcake,1,14,5,1,1.0,0,1,,insufficient_data,15,2026-09-12,2026-09-12
372124002,iinq98,5,480,96.0,90,sacred light tree,4,0,4,3,5.0,0,3,,increasing,77,2026-07-10,2026-07-12
375660067,itwillbemetheone,1,90,90.0,90,carnation,1,19,4,1,1.0,0,1,,insufficient_data,65,2026-07-24,2026-07-24
385673774,xmajeed1,4,420,105.0,90,water spirit,2,13,2,4,0.85,0,2,,stable,2,2026-08-23,2026-09-25
3978557,sulxr0,6,360,60.0,60,corn poppy,6,12,6,2,6.0,1,1,,stable,0,2026-09-20,2026-09-27
404214686,Danavii,1,120,120.0,120,star coral,1,16,5,1,1.0,0,1,,insufficient_data,78,2026-07-11,2026-07-11
407433334,Rraahf,11,990,90.0,90,wishing tree,8,5,5,3,11.0,0,3,,stable,77,2026-07-10,2026-07-12
408306947,Rax_147,2,90,45.0,30,cuckoo clock,2,10,4,2,2.0,0,1,,insufficient_data,2,2026-09-19,2026-09-25
410767172,,12,578,48.2,60,cyclamen,8,11,0,6,0.92,0,2,,increasing,14,2026-06-14,2026-09-13
412352255,Me1_J1,7,630,90.0,90,juliet,2,16,4,5,2.23,0,2,,stable,2,2026-09-03,2026-09-25
412533663,sa12345678S,1,30,30.0,30,choco chip cupcake,1,21,1,1,1.0,0,1,,insufficient_data,103,2026-06-16,2026-06-16
416962309,,2,180,90.0,90,candy tree,2,12,4,2,1.75,0,1,,insufficient_data,22,2026-08-28,2026-09-05
436964865,Vero_esp2911,1,55,55.0,55,statue of tada,1,9,5,1,1.0,0,1,,insufficient_data,22,2026-09-05,2026-09-05
447086339,,16,800,50.0,50,monstera,11,11,4,2,16.0,0,1,,stable,84,2026-07-03,2026-07-05
453099665,ftt_i0,118,8815,74.7,60,strawberry macaron,14,18,5,17,8.43,0,9,,stable,8,2026-06-13,2026-09-19
455101777,diaa005,1,60,60.0,60,lily flower,1,17,2,1,1.0,0,1,,insufficient_data,11,2026-09-16,2026-09-16
455830270,Ali_2002_t,1,60,60.0,60,azalea,1,13,6,1,1.0,0,1,,insufficient_data,105,2026-06-14,2026-06-14
459986002,l_a0909,9,920,102.2,90,lotus,2,1,5,7,1.66,0,2,,decreasing,48,2026-07-03,2026-08-10
460597168,Niloofartashak,1,60,60.0,60,carnation,1,16,5,1,1.0,0,1,0.0,insufficient_data,85,2026-07-04,2026-07-04
466123989,D_2ie,3,330,110.0,60,cherry blossom,3,8,0,3,2.62,0,1,,insufficient_data,26,2026-08-24,2026-09-01
468967623,AL0027s,4,220,55.0,45,twilight guardian,3,16,1,2,4.0,0,1,,decreasing,5,2026-09-15,2026-09-22
476184907,teiui,70,5520,78.9,90,epiphyllum,23,18,4,21,14.85,0,9,0.0,stable,1,2026-08-24,2026-09-26
484054927,Zooz829,5,210,42.0,30,snowflake bush,2,20,0,2,5.0,0,1,0.0,increasing,97,2026-06-15,2026-06-22
485647920,xcin1,2,150,75.0,60,sundae tree,2,11,1,2,0.5,0,1,,insufficient_data,75,2026-06-16,2026-07-14
490271714,Layanxoxo,1,60,60.0,60,moth orchid,1,11,3,1,1.0,0,1,,insufficient_data,10,2026-09-17,2026-09-17
494005909,ft_aas,4,420,105.0,90,banana,2,10,5,2,0.51,0,1,,decreasing,50,2026-06-14,2026-08-08
498149966,JafarFE,13,2040,156.9,180,twilight guardian,3,11,4,8,10.11,0,6,,increasing,9,2026-09-09,2026-09-18
498912729,levxl,1,60,60.0,60,snowflake bush,1,7,5,1,1.0,0,1,,insufficient_data,64,2026-07-25,2026-07-25
5000181713,itjkuot,27,2355,87.2,90,azalea,17,15,5,9,2.42,0,3,,stable,1,2026-07-10,2026-09-26
5006479347,mishary150,13,960,73.8,60,citrus macaron,5,4,5,3,13.0,0,2,,decreasing,4,2026-09-19,2026-09-23
5008069286,thiikiii,2,160,80.0,70,golden trumpet tree,2,9,1,2,2.0,1,1,,insufficient_data,0,2026-09-22,2026-09-27
5012884785,hnanalnzy_220,32,4560,142.5,120,cherry blossom,8,19,6,12,7.47,0,7,,stable,10,2026-08-18,2026-09-17
5021296234,zee618,20,1360,68.0,60,lily flower,11,14,2,15,4.0,1,5,,stable,0,2026-08-23,2026-09-27
5028353384,weam_mo,1,180,180.0,180,juniper,1,1,5,1,1.0,0,1,,insufficient_data,78,2026-07-11,2026-07-11
5031468875,nadine_6xi,13,1050,80.8,60,citrus macaron,10,16,1,11,1.18,0,3,,increasing,1,2026-07-11,2026-09-26
5036214450,tiiwiww9,1,90,90.0,90,persimmon tree,1,20,1,1,1.0,0,1,,insufficient_data,5,2026-09-22,2026-09-22
5036377659,pccxu,1,120,120.0,120,corn poppy,1,22,4,1,1.0,0,1,,insufficient_data,79,2026-07-10,2026-07-10
5038152247,li_w5,1,40,40.0,40,water spirit,1,14,5,1,1.0,0,1,,insufficient_data,15,2026-09-12,2026-09-12
5038555812,coouelr,1,60,60.0,60,bear's paw,1,19,2,1,1.0,0,1,,insufficient_data,46,2026-08-12,2026-08-12
5040049382,cind_5,7,600,85.7,90,azalea,4,11,0,1,7.0,0,1,1.0,increasing,104,2026-06-15,2026-06-15
5049053206,Nour_779,1,60,60.0,60,cedar,1,1,0,1,1.0,0,1,,insufficient_data,13,2026-09-14,2026-09-14
5058235227,violettraffic,14,1080,77.1,90,cherry blossom,8,20,3,10,6.12,0,4,,decreasing,2,2026-09-09,2026-09-25
5058576087,inlovewithartt,4,360,90.0,90,epiphyllum,4,1,5,2,4.0,0,2,,stable,78,2026-07-10,2026-07-11
5059691986,qlli_4,4,240,60.0,60,balloon flower,4,0,2,2,2.0,0,1,,stable,25,2026-08-19,2026-09-02
5060286862,Evara341,4,390,97.5,90,bald cypress,4,4,3,3,0.97,0,1,1.0,increasing,72,2026-06-18,2026-07-17
5062033772,ppdibh,2,150,75.0,60,juliet,2,1,0,2,2.0,0,2,,insufficient_data,13,2026-09-13,2026-09-14
5063810630,Hello4571,5,540,108.0,120,lotus,2,16,6,2,5.0,2,2,,increasing,0,2026-09-26,2026-09-27
5064281858,AB0SHARAF,47,7870,167.4,180,star coral,9,19,4,24,5.67,0,4,,stable,11,2026-07-20,2026-09-16
5065518030,frwad,2,240,120.0,120,candy tree,1,18,3,1,2.0,0,1,,insufficient_data,10,2026-09-17,2026-09-17
5072286832,,22,2200,100.0,90,moth orchid,9,21,1,12,2.03,0,3,,stable,4,2026-07-09,2026-09-23
5074320362,myfatooom333,3,375,125.0,90,aqua pearl,2,16,5,2,3.0,0,2,,insufficient_data,78,2026-07-10,2026-07-11
5074356918,iiv_th,3,170,56.7,55,apple tree,2,11,3,3,0.43,0,1,,insufficient_data,3,2026-08-06,2026-09-24
508275001,,2,80,40.0,20,allium,2,16,6,1,2.0,1,1,,insufficient_data,0,2026-09-27,2026-09-27
5083711132,ma_yrr16,1,45,45.0,45,lotus,1,18,1,1,1.0,0,1,,insufficient_data,5,2026-09-22,2026-09-22
508549355,,4,270,67.5,60,confederate rose,4,5,5,2,4.0,0,2,,decreasing,78,2026-07-10,2026-07-11
5087247424,D51911,31,2550,82.3,90,snowflake bush,17,14,5,13,2.07,0,5,,stable,1,2026-06-13,2026-09-26
5090670423,cxlited,7,570,81.4,60,epiphyllum,5,0,4,6,0.88,0,2,,increasing,9,2026-07-24,2026-09-18
5092632425,llllllllllllllllool,1,60,60.0,60,lemon cupcake,1,6,6,1,1.0,0,1,,insufficient_data,91,2026-06-28,2026-06-28
509675778,Gxvq7,2,120,60.0,60,dahlia,2,13,5,2,1.75,0,1,,insufficient_data,7,2026-09-12,2026-09-20
5098156647,iiziio,4,325,81.2,90,sunflower,2,1,6,3,4.0,0,3,,decreasing,77,2026-07-10,2026-07-12
5103754288,,5,420,84.0,90,cedar,1,14,1,3,5.0,0,2,,decreasing,36,2026-08-18,2026-08-22
5109308902,DR_NONX,101,6455,63.9,60,dusty miller,26,15,0,22,18.61,1,7,,stable,0,2026-08-20,2026-09-27
5112386357,ghalafb,1,90,90.0,90,bald cypress,1,11,2,1,1.0,0,1,,insufficient_data,25,2026-09-02,2026-09-02
5113309256,Ranoii08,3,325,108.3,80,carnation,2,2,4,2,3.0,0,2,0.0,insufficient_data,22,2026-09-04,2026-09-05
511360510,Ma4_4_da4,6,630,105.0,60,four-leaf clover,3,19,4,4,2.62,0,1,,stable,23,2026-08-19,2026-09-04
5116299422,ibnt00,5,485,97.0,90,flame bloom,5,10,5,4,1.75,0,1,,increasing,1,2026-09-06,2026-09-26
512165930,TheEmtinan,1,120,120.0,120,rose,1,18,5,1,1.0,0,1,,insufficient_data,15,2026-09-12,2026-09-12
5122765291,nyvero,17,1740,102.4,120,dahlia,8,13,5,7,7.93,2,3,,stable,0,2026-09-12,2026-09-27
5129872940,Ub_z24,2,110,55.0,50,jacaranda,1,16,0,2,2.0,0,1,,insufficient_data,27,2026-08-27,2026-08-31
5135499857,Leza_992,39,4200,107.7,120,moth orchid,24,4,5,15,3.55,0,6,0.0,decreasing,1,2026-07-11,2026-09-26
5136451758,rznrzv,51,6760,132.5,180,flaming katy,29,8,3,25,4.52,5,5,,increasing,0,2026-07-10,2026-09-27
5141000914,rand_92,7,600,85.7,60,cherry blossom,3,0,2,3,4.9,0,2,,increasing,8,2026-09-09,2026-09-19
5142106775,sarr_aah1,7,570,81.4,60,wishing tree,6,4,4,4,7.0,0,4,,stable,92,2026-06-24,2026-06-27
5155928202,iilln3,236,19500,82.6,60,dancing lady orchid,40,19,3,49,15.88,12,12,0.4,decreasing,0,2026-06-15,2026-09-27
5158926428,cutiepiesweetlittlegangstaa,2,240,120.0,120,12th anniversary cake tree,2,14,2,2,2.0,0,1,,insufficient_data,98,2026-06-17,2026-06-21
5165732509,MayarAlJuhani,2,360,180.0,180,royal poinciana,1,23,4,1,2.0,0,1,,insufficient_data,23,2026-09-04,2026-09-04
5170217031,ilila9,5,300,60.0,60,ice crystal bloom,5,12,4,4,5.0,0,2,,stable,8,2026-09-12,2026-09-19
5178196199,NadaGoudaa,5,510,102.0,120,osmanthus,4,20,4,3,5.0,0,3,,increasing,77,2026-07-10,2026-07-12
5185738340,JI17OO,1,120,120.0,120,sunflower,1,20,0,1,1.0,0,1,,insufficient_data,27,2026-08-31,2026-08-31
5189195760,,2,180,90.0,90,celestial tree,1,0,4,2,0.22,1,1,,insufficient_data,0,2026-07-24,2026-09-27
5189946656,H_owri,4,270,67.5,60,confederate rose,3,15,1,3,4.0,1,1,,increasing,0,2026-09-22,2026-09-27
5199747362,specialone93,7,550,78.6,60,wishing tree,4,10,5,5,0.47,0,2,,stable,1,2026-06-14,2026-09-26
5215008949,Nouri078,1,90,90.0,90,ice crystal bloom,1,16,6,1,1.0,1,1,,insufficient_data,0,2026-09-27,2026-09-27
5215585349,cvuyl,5,600,120.0,120,balloon flower,4,16,5,4,5.0,0,2,,stable,1,2026-09-19,2026-09-26
5223542512,ruderay1,10,1330,133.0,180,lotus,3,0,0,4,2.59,0,3,,stable,15,2026-08-16,2026-09-12
5226578198,Tala_Mhd,4,600,150.0,180,lemon cupcake,3,20,4,3,4.0,0,3,,decreasing,77,2026-07-10,2026-07-12
5230034691,M_2c0g,30,2175,72.5,60,cosmos,4,11,1,11,11.67,0,4,,stable,2,2026-09-07,2026-09-25
5233723262,n7y5c,32,2365,73.9,50,jacaranda,11,4,3,10,5.33,0,3,,increasing,59,2026-06-18,2026-07-30
5235281172,,1,180,180.0,180,dancing lady orchid,1,22,4,1,1.0,0,1,,insufficient_data,79,2026-07-10,2026-07-10
5236419662,Smileyface_g,99,7465,75.4,60,confederate rose,46,16,6,27,17.77,1,12,,stable,0,2026-08-19,2026-09-27
5243335884,i2tiq,2,210,105.0,90,lavender,2,13,0,2,2.0,0,2,,insufficient_data,68,2026-07-20,2026-07-21
5248939063,Protego_Horribilis,6,630,105.0,120,strawberry chiffon cake,5,11,0,4,6.0,0,2,,decreasing,62,2026-07-20,2026-07-27
5253941577,pqlij,10,765,76.5,60,plum blossom,8,11,0,8,0.71,0,4,,decreasing,7,2026-06-13,2026-09-20
5264318573,oneobestme,2,180,90.0,60,cedar,2,3,2,2,1.56,0,1,,insufficient_data,37,2026-08-12,2026-08-21
5265044231,JAO_2026,8,540,67.5,60,jacaranda,5,16,3,5,2.43,0,2,,increasing,1,2026-09-03,2026-09-26
5272194456,azsere,1,120,120.0,120,lily flower,1,21,0,1,1.0,0,1,,insufficient_data,20,2026-09-07,2026-09-07
5273192168,joodbandar7,1,180,180.0,180,jacaranda,1,0,0,1,1.0,0,1,,insufficient_data,69,2026-07-20,2026-07-20
5284512635,IMA_0888,14,1380,98.6,120,epiphyllum,7,15,1,10,7.0,0,3,,stable,4,2026-09-09,2026-09-23
5287916910,berr1451,5,600,120.0,120,cherry blossom,3,19,4,2,5.0,0,2,,stable,78,2026-07-10,2026-07-11
5288582487,rii7di,46,3195,69.5,60,muscat macaron,26,12,4,10,9.76,0,4,,stable,1,2026-08-24,2026-09-26
5288732642,,4,240,60.0,60,carnation,3,9,2,2,4.0,0,2,,stable,32,2026-08-25,2026-08-26
5292802230,retal128,5,540,108.0,90,ginkgo,1,7,4,3,5.0,0,2,,increasing,14,2026-09-10,2026-09-13
5293835237,almalikahmimi,2,50,25.0,25,carnation,2,18,1,2,1.17,0,1,,insufficient_data,5,2026-09-10,2026-09-22
5304672715,erussh,2,180,90.0,90,lavender,2,13,0,2,1.27,0,1,,insufficient_data,20,2026-08-27,2026-09-07
5309210106,haneen2070,2,210,105.0,90,snowflake bush,1,12,6,1,2.0,0,1,,insufficient_data,7,2026-09-20,2026-09-20
5310215802,m1_mbs,1,70,70.0,70,maple,1,11,5,1,1.0,0,1,,insufficient_data,78,2026-07-11,2026-07-11
5312241695,vppx4,8,480,60.0,60,cloud moon tree,5,16,4,3,8.0,3,3,,stable,0,2026-09-25,2026-09-27
5324590119,aynzeliha_2023,6,965,160.8,180,azalea,5,8,6,3,6.0,0,3,,stable,104,2026-06-13,2026-06-15
5326818414,Bandari2,12,820,68.3,60,starburst tree,3,4,0,4,10.5,0,2,,decreasing,12,2026-09-07,2026-09-15
5334899423,Nosh3314,45,2900,64.4,60,royal poinciana,25,15,0,14,3.39,0,6,,decreasing,13,2026-06-13,2026-09-14
5338759840,liuuy1,10,1030,103.0,90,aqua pearl,7,21,1,8,0.8,0,2,,increasing,15,2026-06-16,2026-09-12
5342343477,gorgeoustoto,4,300,75.0,60,aqua pearl,3,10,5,2,4.0,0,1,,increasing,1,2026-09-24,2026-09-26
5343647575,iioppt,1,65,65.0,65,narcissus,1,21,6,1,1.0,0,1,,insufficient_data,14,2026-09-13,2026-09-13
534397730,paradiseyl,5,240,48.0,60,bald cypress,3,7,2,3,0.67,0,1,,decreasing,18,2026-07-19,2026-09-09
5346133958,ll_1_w,2,240,120.0,60,cosmos,1,10,3,2,0.3,0,1,,insufficient_data,59,2026-06-14,2026-07-30
5346840948,rosien2,1,60,60.0,60,cherry blossom,1,13,4,1,1.0,0,1,,insufficient_data,9,2026-09-18,2026-09-18
5349123892,ile7ui,1,120,120.0,120,carnation,1,13,5,1,1.0,0,1,,insufficient_data,78,2026-07-11,2026-07-11
5354326370,,5,240,48.0,60,four-leaf clover,3,12,3,3,3.89,0,1,,increasing,1,2026-09-17,2026-09-26
5373074214,Jy_2e,5,500,100.0,120,four-leaf clover,2,6,0,1,5.0,0,1,,decreasing,104,2026-06-15,2026-06-15
5374868070,eil07,43,2385,55.5,50,cyclamen,28,15,4,12,25.08,0,11,,stable,21,2026-08-25,2026-09-06
5380148515,nothingheree0,1,65,65.0,65,doggo tree,1,20,4,1,1.0,0,1,,insufficient_data,9,2026-09-18,2026-09-18
538171643,NWF97,2,150,75.0,60,geraniums fairy,2,20,0,2,2.0,0,1,,insufficient_data,9,2026-09-14,2026-09-18
5381730427,ram18_10,20,1080,54.0,60,wishing tree,14,19,5,11,9.33,10,10,,increasing,0,2026-09-12,2026-09-27
5381755627,rooffu8,6,540,90.0,90,carnation,3,20,0,2,6.0,0,2,,stable,33,2026-08-24,2026-08-25
5383861245,,6,390,65.0,60,aqua pearl,6,3,5,3,6.0,0,3,,decreasing,77,2026-07-10,2026-07-12
5384914713,jiji_m6,2,300,150.0,120,celestial tree,2,2,0,2,2.0,0,1,,insufficient_data,39,2026-08-17,2026-08-19
5387636935,sa_ard0,2,150,75.0,60,golden trumpet tree,2,12,0,2,1.75,0,1,,insufficient_data,68,2026-07-13,2026-07-21
5387937366,iier_q7,28,3005,107.3,90,maple,9,13,2,12,5.44,0,7,,increasing,42,2026-07-11,2026-08-16
5388218512,iii27_kh,3,270,90.0,30,golden trumpet tree,2,2,0,3,0.72,0,1,,insufficient_data,34,2026-07-26,2026-08-24
5390003559,lo2rr,2,45,22.5,10,statue of tada,1,0,3,1,2.0,0,1,,insufficient_data,101,2026-06-18,2026-06-18
5398458452,uoxvv,1,180,180.0,180,royal poinciana,1,22,5,1,1.0,0,1,,insufficient_data,106,2026-06-13,2026-06-13
5399603097,FIDgoat,1,180,180.0,180,forest spirit,1,17,5,1,1.0,0,1,,insufficient_data,106,2026-06-13,2026-06-13
5399788208,,29,2615,90.2,60,sundae tree,12,14,2,15,10.15,0,5,,decreasing,2,2026-09-05,2026-09-25
5401374099,,8,1260,157.5,180,cherry cheese cake,5,14,0,6,7.0,0,3,,stable,27,2026-08-23,2026-08-31
5403370319,nu1li,1,110,110.0,110,forest spirit,1,19,1,1,1.0,0,1,,insufficient_data,12,2026-09-15,2026-09-15
5404530126,Cakewalknbaby,2,240,120.0,120,jacaranda,1,9,6,1,2.0,0,1,,insufficient_data,77,2026-07-12,2026-07-12
5405894355,,1,90,90.0,90,golden wings,1,0,6,1,1.0,0,1,,insufficient_data,77,2026-07-12,2026-07-12
5409714580,,16,1130,70.6,50,twilight guardian,5,16,4,8,4.15,3,3,,decreasing,0,2026-08-31,2026-09-27
5410046528,dr_D2007,4,330,82.5,50,snowflake bush,1,6,3,4,1.4,0,1,,decreasing,2,2026-09-05,2026-09-25
5411339994,jemscer,2,240,120.0,120,cyclamen,2,13,1,2,0.61,0,1,,insufficient_data,3,2026-09-01,2026-09-24
5411432061,eng_ill,7,720,102.9,120,bellflower,7,14,2,6,1.81,0,2,,stable,5,2026-08-26,2026-09-22
5414921271,rixv98,20,1920,96.0,90,red spider lily,9,14,1,11,1.39,0,4,,decreasing,5,2026-06-13,2026-09-22
5420261581,orx_76,6,445,74.2,60,lily flower,3,4,0,3,1.5,0,2,,decreasing,41,2026-07-20,2026-08-17
5421877349,ssall4,1,180,180.0,180,statue of tada,1,23,2,1,1.0,0,1,,insufficient_data,39,2026-08-19,2026-08-19
543046970,spawev,1,90,90.0,90,osmanthus,1,8,2,1,1.0,0,1,,insufficient_data,18,2026-09-09,2026-09-09
5440597251,tszzainab,1,120,120.0,120,lavender,1,9,5,1,1.0,0,1,,insufficient_data,78,2026-07-11,2026-07-11
5444346005,orchiidaa,1,60,60.0,60,geraniums,1,20,4,1,1.0,0,1,,insufficient_data,9,2026-09-18,2026-09-18
5447027187,omar1222222,1,180,180.0,180,geraniums fairy,1,21,4,1,1.0,0,1,,insufficient_data,2,2026-09-25,2026-09-25
5447396665,dxim1,12,840,70.0,60,jacaranda,6,17,5,9,3.11,0,3,,increasing,1,2026-08-30,2026-09-26
5447786108,,3,480,160.0,180,carnation,1,15,1,3,2.33,0,1,,insufficient_data,50,2026-07-30,2026-08-08
5455698469,AlAnoud305,8,570,71.2,60,golden wings,4,7,3,3,8.0,0,3,,increasing,8,2026-09-17,2026-09-19
5460196087,piiiu3,6,510,85.0,90,snowflake bush,4,2,0,4,3.5,0,1,,decreasing,8,2026-09-07,2026-09-19
5460316475,v_naura,2,220,110.0,100,lotus,2,17,0,2,2.0,0,1,,insufficient_data,31,2026-08-24,2026-08-27
5460796083,Ecoli_DNA,3,270,90.0,90,jacaranda,1,15,4,2,3.0,0,2,,insufficient_data,78,2026-07-10,2026-07-11
5461463415,oxxl27,2,120,60.0,60,cherry blossom,2,4,0,2,2.0,0,2,,insufficient_data,27,2026-08-30,2026-08-31
5464347026,Ghazljrrr,4,480,120.0,120,golden trumpet tree,4,3,0,2,4.0,0,1,0.0,stable,39,2026-08-17,2026-08-19
5465726724,xviic7,8,600,75.0,60,candy tree,6,1,0,5,8.0,0,3,,increasing,1,2026-09-21,2026-09-26
5467846295,hyitnv,1,180,180.0,180,bush,1,13,5,1,1.0,0,1,,insufficient_data,22,2026-09-05,2026-09-05
5473696098,Rana35ty,1,60,60.0,60,mushroom,1,9,5,1,1.0,0,1,,insufficient_data,1,2026-09-26,2026-09-26
5480845645,liaevx,1,90,90.0,90,cedar,1,16,2,1,1.0,0,1,,insufficient_data,4,2026-09-23,2026-09-23
5481008573,liiel1,6,565,94.2,100,candy tree,3,2,3,4,1.08,1,3,,decreasing,0,2026-08-19,2026-09-27
5484500653,en9il,3,180,60.0,60,forest spirit,3,12,4,2,2.1,0,1,,insufficient_data,13,2026-09-04,2026-09-14
5485783335,uka_111,4,360,90.0,90,jacaranda fairy,2,16,2,3,2.0,0,1,,stable,18,2026-08-26,2026-09-09
5487244785,llllaayyaann,6,450,75.0,90,water spirit,4,23,0,4,6.0,0,3,,increasing,2,2026-09-19,2026-09-25
5490481548,itsrahma12,7,840,120.0,120,royal poinciana,4,10,3,3,7.0,0,2,,stable,98,2026-06-17,2026-06-21
5495641736,Auiiii4,3,240,80.0,90,pear tree house,2,6,4,2,3.0,0,2,,insufficient_data,8,2026-09-18,2026-09-19
5498300905,xshm_1,1,120,120.0,120,blueberry cake,1,18,4,1,1.0,0,1,,insufficient_data,2,2026-09-25,2026-09-25
5500940051,,2,120,60.0,60,star coral,2,13,2,1,2.0,0,1,,insufficient_data,60,2026-07-29,2026-07-29
5504318748,kitt_en92,1,120,120.0,120,twilight guardian,1,21,3,1,1.0,0,1,,insufficient_data,101,2026-06-18,2026-06-18
5506804451,go7as,1,85,85.0,85,coffee macaron,1,21,6,1,1.0,0,1,,insufficient_data,14,2026-09-13,2026-09-13
5508796736,azora_ahai,6,575,95.8,90,mooncake tree,4,5,1,3,2.21,0,2,,stable,1,2026-09-07,2026-09-26
5514864834,aaor12,10,1060,106.0,60,moon tree,9,4,4,10,1.59,0,2,,stable,21,2026-07-24,2026-09-06
5515719005,itisruru,2,150,75.0,60,celestial tree,2,12,5,2,2.0,2,2,,insufficient_data,0,2026-09-26,2026-09-27
5517885448,iivux12,26,1135,43.7,40,allium,10,14,2,7,1.77,0,3,,stable,2,2026-06-14,2026-09-25
5520703099,iilxr7,3,210,70.0,90,geraniums,3,8,0,3,3.0,0,2,,insufficient_data,48,2026-08-07,2026-08-10
5522317154,Rahig5,3,270,90.0,60,white rose,2,15,4,1,3.0,0,1,,insufficient_data,79,2026-07-10,2026-07-10
5526374147,s9ol1,17,1420,83.5,90,ice crystal bloom,9,5,4,7,9.92,0,3,0.0,decreasing,1,2026-09-14,2026-09-26
5530628673,zaer53,3,165,55.0,55,carnation,3,5,4,1,3.0,0,1,,insufficient_data,2,2026-09-25,2026-09-25
553355086,LAMA_01,9,540,60.0,60,sunflower,5,0,1,7,5.25,0,2,,increasing,5,2026-09-10,2026-09-22
5535263566,a345kb,3,300,100.0,95,hyacinth,3,2,5,2,0.28,0,1,,insufficient_data,15,2026-06-29,2026-09-12
5541133035,nrsgl,8,480,60.0,60,juliet,3,14,1,4,5.6,0,2,,stable,13,2026-09-04,2026-09-14
5543485456,f1fdry,2,80,40.0,40,lover tree,1,15,5,1,2.0,0,1,,insufficient_data,8,2026-09-19,2026-09-19
5545587179,Xylorai1,4,300,75.0,60,blue flower,2,9,1,3,2.15,0,1,,increasing,27,2026-08-18,2026-08-31
5547368783,selify1,6,490,81.7,60,snowflake bush,5,8,1,5,1.02,1,1,,decreasing,0,2026-08-17,2026-09-27
5559226831,Dana_Alkandri,14,1080,77.1,90,moon tree,12,15,6,5,0.93,2,2,0.75,decreasing,0,2026-06-14,2026-09-27
5563280607,dxdrtdtrd,2,300,150.0,120,aqua pearl,2,1,0,2,2.0,0,1,,insufficient_data,9,2026-09-14,2026-09-18
5565594017,So3e0ne,1,120,120.0,120,unicorn tree,1,7,0,1,1.0,0,1,,insufficient_data,6,2026-09-21,2026-09-21
5574200809,abdel_rahman_saied,4,240,60.0,60,cherry cheese cake,4,0,3,2,4.0,0,1,,stable,73,2026-07-14,2026-07-16
5576879623,rilixo,2,150,75.0,60,candy tree,2,12,4,2,2.0,0,1,,insufficient_data,9,2026-09-13,2026-09-18
5578015055,,8,590,73.8,60,plum blossom,7,7,4,2,8.0,0,2,,decreasing,78,2026-07-10,2026-07-11
5585793057,iish13,1,90,90.0,90,lily flower,1,16,5,1,1.0,0,1,,insufficient_data,8,2026-09-19,2026-09-19
558777727,Rqee4,5,300,60.0,60,hyacinth,4,6,1,4,5.0,0,4,,stable,30,2026-08-25,2026-08-28
5595090690,starlouo,2,210,105.0,90,coconut tree,2,1,1,2,2.0,0,1,,insufficient_data,31,2026-08-25,2026-08-27
5596427570,,1,120,120.0,120,moth orchid,1,14,3,1,1.0,0,1,,insufficient_data,3,2026-09-24,2026-09-24
5605380343,FayAl_1,1,90,90.0,90,celestial tree,1,15,5,1,1.0,0,1,,insufficient_data,8,2026-09-19,2026-09-19
5605621089,imthebbest,1,120,120.0,120,wishing tree,1,10,3,1,1.0,0,1,,insufficient_data,3,2026-09-24,2026-09-24
5606492605,zahrd07,2,120,60.0,60,moon tree,2,14,4,2,2.0,1,1,,insufficient_data,0,2026-09-25,2026-09-27
5606817289,Asl_i0,15,1010,67.3,60,blueberry macaron,6,16,6,8,1.02,0,3,,decreasing,3,2026-06-13,2026-09-24
5607066884,joozz25,1,35,35.0,35,monstera,1,10,3,1,1.0,0,1,,insufficient_data,38,2026-08-20,2026-08-20
5608212690,Rre002,2,120,60.0,60,lover tree,2,5,6,2,0.22,0,1,,insufficient_data,42,2026-06-14,2026-08-16
5618274345,Oo_1f,2,360,180.0,180,sacred light tree,2,7,2,1,2.0,0,1,,insufficient_data,4,2026-09-23,2026-09-23
5618580992,loojjy6,1,90,90.0,90,starry tree,1,0,6,1,1.0,0,1,,insufficient_data,77,2026-07-12,2026-07-12
5619007605,yrlsh,22,2840,129.1,120,confederate rose,7,11,6,11,3.42,0,7,0.0,stable,21,2026-07-23,2026-09-06
5619808541,m3jl9,17,1650,97.1,90,royal poinciana,9,6,1,9,1.13,0,2,0.667,increasing,1,2026-06-13,2026-09-26
5630325840,Mrialit90,7,870,124.3,120,cherry blossom,2,2,0,7,0.67,0,3,,stable,32,2026-06-14,2026-08-26
5631740862,Abu_Shoq9,1,120,120.0,120,maple,1,23,5,1,1.0,0,1,,insufficient_data,1,2026-09-26,2026-09-26
5634504551,manar_248,4,240,60.0,60,cosmos,2,2,3,3,4.0,0,3,,stable,1,2026-09-24,2026-09-26
5638873460,qttid,10,810,81.0,60,moth orchid,4,13,5,7,7.78,0,4,0.0,increasing,6,2026-09-12,2026-09-21
5645998579,,9,440,48.9,50,star coral,6,12,4,3,3.5,0,1,,stable,88,2026-06-13,2026-07-01
5647125163,lala_o0o,182,9120,50.1,50,sundae tree,86,12,3,26,12.13,1,11,,decreasing,0,2026-06-14,2026-09-27
5650312123,mennaelbanna06,2,240,120.0,120,cactus,2,17,4,2,2.0,0,2,,insufficient_data,78,2026-07-10,2026-07-11
565405653,weeri3,4,360,90.0,60,allium,4,14,3,2,4.0,0,2,,stable,3,2026-09-23,2026-09-24
5654365339,rereraazz,15,900,60.0,60,azalea,8,17,4,8,3.18,0,3,,stable,1,2026-08-24,2026-09-26
5655917553,,5,620,124.0,120,carnation,4,5,5,3,5.0,0,3,,stable,77,2026-07-10,2026-07-12
5658029122,RAND789r,16,1055,65.9,90,lantern flower,10,18,6,9,1.19,0,2,,stable,12,2026-06-13,2026-09-15
5662824017,WH_111_SD,9,675,75.0,90,golden wings,5,15,5,5,7.0,0,2,0.5,stable,27,2026-08-22,2026-08-31
5665078367,MALAK22200,3,360,120.0,120,cherry blossom,3,13,4,2,3.0,0,2,,insufficient_data,92,2026-06-26,2026-06-27
5668988183,hoorrr4321,8,690,86.2,60,lotus,3,19,3,5,4.31,0,2,,stable,84,2026-06-22,2026-07-05
5669394266,xl_9vq,4,240,60.0,60,golden wings,1,13,4,4,1.4,0,1,,stable,2,2026-09-05,2026-09-25
5675664916,polic_94,9,715,79.4,60,strawberry macaron,8,17,2,7,0.68,0,2,,decreasing,12,2026-06-15,2026-09-15
567998548,thelunchbox1426,3,210,70.0,60,choco chip cupcake,3,8,1,1,3.0,0,1,,insufficient_data,61,2026-07-28,2026-07-28
5680447325,Nemo88H,7,990,141.4,180,wishing tree,1,12,5,1,7.0,0,1,0.5,decreasing,106,2026-06-13,2026-06-13
5682523683,A_OSE_M,1,60,60.0,60,lotus,1,20,4,1,1.0,0,1,,insufficient_data,72,2026-07-17,2026-07-17
5686320028,pitorpart,2,210,105.0,90,azalea,2,14,1,2,1.27,0,1,,insufficient_data,12,2026-09-04,2026-09-15
5686750367,ghiool12,24,3040,126.7,120,jacaranda,7,11,1,7,24.0,7,7,,increasing,0,2026-09-21,2026-09-27
5703566902,lvi3i2,2,240,120.0,120,confederate rose,2,15,3,2,2.0,0,1,,insufficient_data,14,2026-09-10,2026-09-13
5705938285,qtks_24,4,270,67.5,60,lily flower,2,18,4,3,0.45,0,1,,decreasing,9,2026-07-18,2026-09-18
5706127046,kl6_t1,1,60,60.0,60,wisteria,1,15,5,1,1.0,0,1,,insufficient_data,8,2026-09-19,2026-09-19
5707386878,i01101011_01111001_01110011,5,310,62.0,50,bear's paw,3,14,4,3,2.33,0,2,,decreasing,22,2026-08-21,2026-09-05
5708819933,uk_7ia,1,50,50.0,50,rafflesia,1,0,6,1,1.0,0,1,,insufficient_data,49,2026-08-09,2026-08-09
5709017504,X_19_X_D,3,300,100.0,90,lily flower,2,4,0,3,1.24,0,1,,insufficient_data,6,2026-09-04,2026-09-21
5709293139,Mmmim2006,4,240,60.0,60,sundae tree,3,11,5,2,4.0,0,1,,stable,1,2026-09-24,2026-09-26
5709340600,vixxp,2,150,75.0,60,cedar,2,19,0,2,2.0,0,1,,insufficient_data,70,2026-07-13,2026-07-19
5712926672,lovef88,23,2250,97.8,120,aqua pearl,16,1,6,12,4.24,0,7,,increasing,41,2026-07-10,2026-08-17
5715441172,Yousef09449,1,35,35.0,35,jacaranda,1,23,1,1,1.0,0,1,,insufficient_data,103,2026-06-16,2026-06-16
5720349791,profmona,2,120,60.0,60,sunflower,2,3,5,1,2.0,0,1,,insufficient_data,8,2026-09-19,2026-09-19
572061593,si0_32,1,60,60.0,60,maple,1,13,4,1,1.0,0,1,,insufficient_data,2,2026-09-25,2026-09-25
5723399898,nrfd_sa,1,50,50.0,50,dandelion,1,17,6,1,1.0,0,1,,insufficient_data,14,2026-09-13,2026-09-13
5724546465,Saud_Perfect,1,40,40.0,40,cedar,1,8,2,1,1.0,0,1,,insufficient_data,88,2026-07-01,2026-07-01
5726283041,,10,500,50.0,50,mushroom,9,15,2,4,7.78,0,1,,stable,88,2026-06-22,2026-07-01
5727753431,zai44r,1,180,180.0,180,maple,1,19,1,1,1.0,0,1,,insufficient_data,26,2026-09-01,2026-09-01
5728056349,D_3tr,6,370,61.7,60,aqua pearl,6,16,6,5,6.0,0,4,,stable,21,2026-08-30,2026-09-06
5732158510,Haba6780,33,4230,128.2,120,lotus,7,3,3,21,5.25,0,5,,decreasing,2,2026-08-12,2026-09-25
5732775188,,23,2290,99.6,60,bear's paw,8,18,6,14,2.52,0,2,,stable,14,2026-07-11,2026-09-13
5733648653,dreamcello,1,60,60.0,60,moon tree,1,4,6,1,1.0,0,1,,insufficient_data,77,2026-07-12,2026-07-12
5737456321,li_vx3,1,60,60.0,60,golden wings,1,19,6,1,1.0,0,1,,insufficient_data,35,2026-08-23,2026-08-23
5739031183,swx_u,59,4880,82.7,60,sunflower,5,15,5,9,31.77,0,5,,increasing,22,2026-08-23,2026-09-05
5739993722,,12,1195,99.6,120,geraniums,9,4,3,7,8.4,0,6,,increasing,63,2026-07-16,2026-07-26
5744460777,afhjnku,2,180,90.0,90,apple tree,2,7,4,2,0.67,0,1,,insufficient_data,2,2026-09-04,2026-09-25
5745418331,uclsf,12,675,56.2,60,winter starlight,3,12,1,5,12.0,0,3,0.0,decreasing,97,2026-06-15,2026-06-22
5753317416,,4,295,73.8,25,cherry blossom,4,14,2,3,3.5,0,1,,increasing,24,2026-08-26,2026-09-03
5756382579,T1925I,9,840,93.3,60,unknown,4,7,3,5,7.0,1,2,,increasing,0,2026-09-18,2026-09-27
5756490491,ellxur,1,90,90.0,90,narcissus,1,6,6,1,1.0,0,1,,insufficient_data,21,2026-09-06,2026-09-06
575788998,A27gx,1,60,60.0,60,white rose,1,13,6,1,1.0,0,1,,insufficient_data,77,2026-07-12,2026-07-12
5759187121,docaef,1,60,60.0,60,lily flower,1,14,4,1,1.0,0,1,,insufficient_data,16,2026-09-11,2026-09-11
5760977956,rpbxi_29,5,350,70.0,60,jacaranda,4,7,6,4,2.69,1,2,,decreasing,0,2026-09-14,2026-09-27
5766092870,Typing_from_IC1101,72,5645,78.4,60,dusty miller,22,14,3,24,5.6,0,4,0.0,decreasing,16,2026-06-13,2026-09-11
5768558370,Ayah_kh,8,570,71.2,60,jacaranda,6,14,5,3,1.51,0,1,,increasing,27,2026-07-25,2026-08-31
577201185,Roeer65,4,245,61.2,60,allium,4,12,0,3,1.56,0,1,,decreasing,13,2026-08-27,2026-09-14
5774493777,xiiciixl,11,1380,125.5,120,wishing tree,8,19,5,6,11.0,0,3,,stable,99,2026-06-13,2026-06-20
5774536035,Dr_RRRRRY,2,210,105.0,90,balloon flower,2,16,3,2,1.75,0,1,,insufficient_data,16,2026-09-03,2026-09-11
5780138315,sgav0,1,120,120.0,120,weeping willow,1,2,6,1,1.0,0,1,,insufficient_data,77,2026-07-12,2026-07-12
5780381071,Itswly,6,540,90.0,60,cherry blossom,6,11,6,2,6.0,0,2,,decreasing,77,2026-07-11,2026-07-12
578322658,ru_qh3,1,45,45.0,45,unknown,1,12,5,1,1.0,0,1,,insufficient_data,36,2026-08-22,2026-08-22
5788699064,,4,450,112.5,60,rose,1,0,2,3,4.0,0,2,,decreasing,1,2026-09-23,2026-09-26
5791584631,Memoaw,282,24030,85.2,90,cloud moon tree,54,13,3,45,19.17,0,9,,stable,2,2026-06-14,2026-09-25
579407257,cewmf,13,810,62.3,60,allium,7,4,6,9,5.69,1,3,,stable,0,2026-09-11,2026-09-27
5795695046,rrrrrrrriuuu,1,180,180.0,180,strawberry cupcake,1,13,2,1,1.0,0,1,,insufficient_data,39,2026-08-19,2026-08-19
5797561650,m5vir,7,365,52.1,25,epiphyllum,4,11,3,3,2.45,0,1,,increasing,1,2026-09-06,2026-09-26
5798447456,orkidl,90,8960,99.6,90,blue oak tree,28,19,6,30,7.68,0,16,,stable,6,2026-07-01,2026-09-21
5807095980,xiiniiii,1,180,180.0,180,cedar,1,14,3,1,1.0,0,1,,insufficient_data,38,2026-08-20,2026-08-20
5822154183,yourgfsgf,1,60,60.0,60,monstera,1,18,4,1,1.0,0,1,,insufficient_data,79,2026-07-10,2026-07-10
5823432500,,2,150,75.0,60,dusty miller,2,13,2,2,0.18,0,1,,insufficient_data,10,2026-07-01,2026-09-17
5834475706,ragherj,10,780,78.0,60,allium,7,12,3,3,10.0,0,2,,increasing,14,2026-09-10,2026-09-13
5835932513,liioopij,1,45,45.0,45,moon tree,1,14,5,1,1.0,0,1,,insufficient_data,22,2026-09-05,2026-09-05
5837755192,,4,510,127.5,180,star coral,3,10,1,4,2.33,0,1,,increasing,5,2026-09-10,2026-09-22
584066148,hhqsot,1,60,60.0,60,rainbow eucalyptus,1,10,6,1,1.0,0,1,,insufficient_data,77,2026-07-12,2026-07-12
5842130654,eulp9,31,2250,72.6,60,carnation,20,5,0,11,9.04,0,5,,increasing,5,2026-08-29,2026-09-22
5847863237,Dadidddddddd,8,1230,153.8,180,osmanthus,3,4,4,6,4.67,0,3,,increasing,2,2026-09-13,2026-09-25
5848530462,j_1_14,1,90,90.0,90,golden trumpet tree,1,2,1,1,1.0,0,1,,insufficient_data,103,2026-06-16,2026-06-16
585448813,,1,50,50.0,50,celestial tree,1,9,4,1,1.0,0,1,,insufficient_data,51,2026-08-07,2026-08-07
5855232029,almengmec,1,75,75.0,75,lotus,1,7,0,1,1.0,0,1,,insufficient_data,20,2026-09-07,2026-09-07
5857057905,Lolyy217,15,1100,73.3,60,coconut tree,5,15,3,8,3.09,0,2,,increasing,8,2026-08-16,2026-09-19
5862894129,IIIIx90,17,1730,101.8,120,12th anniversary cake tree,11,6,1,6,4.25,0,2,,stable,3,2026-08-27,2026-09-24
5874639425,ceazxc,4,130,32.5,30,aqua pearl,4,13,1,3,4.0,0,2,,increasing,9,2026-09-14,2026-09-18
5881514817,V_nro8,2,120,60.0,60,wisteria,1,13,5,1,2.0,0,1,,insufficient_data,1,2026-09-26,2026-09-26
5888256293,,11,645,58.6,60,royal poinciana,8,19,4,7,6.42,0,2,,stable,2,2026-09-13,2026-09-25
5894428639,abb200s,6,520,86.7,60,dusty miller,5,15,0,4,1.83,0,2,,decreasing,18,2026-08-17,2026-09-09
589850114,DrAmasi20,12,1320,110.0,90,wishing tree,6,13,5,8,0.8,0,2,,increasing,1,2026-06-13,2026-09-26
5898953555,lluveer,41,3270,79.8,90,jacaranda,7,17,2,20,3.99,0,9,,increasing,3,2026-07-14,2026-09-24
5901085051,sofyan112233,4,450,112.5,90,cat-tail willow,2,10,6,4,3.5,0,3,,decreasing,13,2026-09-06,2026-09-14
5906350898,mioppp1,5,300,60.0,60,plum blossom,1,16,1,2,5.0,0,1,0.0,stable,85,2026-06-30,2026-07-04
5910516275,plix71,5,690,138.0,180,confederate rose,3,11,4,3,4.38,0,1,,increasing,63,2026-07-18,2026-07-26
5911952879,xv_f9,4,210,52.5,65,sunflower,3,19,1,3,4.0,0,2,,decreasing,11,2026-09-13,2026-09-16
5912680834,,1,180,180.0,180,jacaranda,1,7,1,1,1.0,0,1,,insufficient_data,26,2026-09-01,2026-09-01
5913666795,liinw4,15,1770,118.0,90,carnation,2,17,5,7,1.19,0,2,,decreasing,2,2026-06-29,2026-09-25
5915578011,jxoil78,130,9880,76.0,60,jacaranda fairy,56,14,6,45,8.58,1,6,0.65,increasing,0,2026-06-13,2026-09-27
5916572583,illrzx,3,360,120.0,120,wisteria,2,8,4,3,3.0,0,3,,insufficient_data,77,2026-07-10,2026-07-12
5917948874,,1,60,60.0,60,four-leaf clover,1,21,4,1,1.0,0,1,,insufficient_data,79,2026-07-10,2026-07-10
5921978455,Ald_37,1,180,180.0,180,cherry blossom,1,14,5,1,1.0,0,1,,insufficient_data,106,2026-06-13,2026-06-13
592258910,Jory82,30,2460,82.0,60,apricot tree,23,21,4,15,9.13,0,5,,decreasing,1,2026-09-03,2026-09-26
5922652917,vxin22,6,360,60.0,60,sunflower,3,15,5,2,6.0,0,2,,stable,15,2026-09-11,2026-09-12
5932174508,ddaanaass,9,875,97.2,90,lemon cake,7,12,1,7,4.85,0,3,,increasing,48,2026-07-28,2026-08-10
5934187679,n3kh2,48,4905,102.2,90,jacaranda,14,1,3,26,4.25,1,14,,stable,0,2026-07-10,2026-09-27
5935293844,llim_10,1,90,90.0,90,tiramisu,1,22,4,1,1.0,0,1,,insufficient_data,2,2026-09-25,2026-09-25
5944412802,,2,180,90.0,60,lavender,2,0,3,2,0.54,0,1,,insufficient_data,59,2026-07-04,2026-07-30
5944489107,,2,120,60.0,60,bear's paw,2,3,5,2,2.0,2,2,,insufficient_data,0,2026-09-26,2026-09-27
5946505330,bmax61226,50,3725,74.5,60,10th anniversary cake tree,33,11,6,26,3.54,0,16,0.0,increasing,6,2026-06-14,2026-09-21
5950633764,lIIIllIlIllll,5,600,120.0,120,10th anniversary cake tree,3,16,4,3,5.0,0,3,,stable,77,2026-07-10,2026-07-12
5958317246,superrahaf,6,360,60.0,60,citrus macaron,6,9,6,1,6.0,0,1,,stable,7,2026-09-20,2026-09-20
5959895558,ka333m,318,34890,109.7,120,wishing flower,19,15,4,91,21.0,1,21,0.0,increasing,0,2026-06-13,2026-09-27
5966403431,,1,90,90.0,90,monstera,1,15,4,1,1.0,0,1,,insufficient_data,9,2026-09-18,2026-09-18
5967970481,lxilno,2,180,90.0,60,mooncake tree,1,8,6,1,2.0,1,1,,insufficient_data,0,2026-09-27,2026-09-27
5968165115,withoutsaleh,1,180,180.0,180,bellflower,1,18,3,1,1.0,0,1,,insufficient_data,3,2026-09-24,2026-09-24
5969504262,,2,240,120.0,120,celestial tree,1,7,0,1,2.0,0,1,,insufficient_data,41,2026-08-17,2026-08-17
5971680814,frucl,4,420,105.0,90,snowflake bush,3,7,3,3,2.0,1,1,,stable,0,2026-09-13,2026-09-27
5983431729,,2,180,90.0,60,cherry blossom,2,12,4,2,2.0,0,1,,insufficient_data,14,2026-09-11,2026-09-13
5984260608,muaire_1987,1,120,120.0,120,witch mushroom,1,21,1,1,1.0,0,1,,insufficient_data,103,2026-06-16,2026-06-16
5988074497,Mmaaeemmn,31,3030,97.7,120,unknown,9,16,3,9,2.58,0,2,,stable,22,2026-06-13,2026-09-05
5988185400,seniorrrr27,3,180,60.0,60,blueberry cupcake,1,9,5,1,3.0,0,1,,insufficient_data,36,2026-08-22,2026-08-22
5992720454,layanii08,1,90,90.0,90,wishing tree,1,14,2,1,1.0,0,1,,insufficient_data,102,2026-06-17,2026-06-17
5998149055,,38,4270,112.4,90,lily flower,11,14,6,12,7.0,0,3,,increasing,40,2026-07-11,2026-08-18
6000839660,ilv_r7,4,300,75.0,60,wishing tree,3,3,6,1,4.0,1,1,,increasing,0,2026-09-27,2026-09-27
6001321486,eil_7ii,8,1110,138.8,120,wishing tree,5,18,2,6,1.7,0,1,,stable,4,2026-08-21,2026-09-23
6004523441,rilu7i,1,90,90.0,90,lily flower,1,14,6,1,1.0,0,1,,insufficient_data,7,2026-09-20,2026-09-20
6005839541,Maria_Alkurdi,4,300,75.0,60,wishing tree,3,3,0,2,4.0,0,2,,increasing,41,2026-08-16,2026-08-17
6009557817,,1,120,120.0,120,cactus,1,17,2,1,1.0,0,1,,insufficient_data,11,2026-09-16,2026-09-16
600960546,justaloly,12,745,62.1,60,forest spirit,9,11,5,8,1.25,0,2,,stable,12,2026-07-10,2026-09-15
6013400733,endleessdusk,16,1390,86.9,90,forest spirit,6,15,1,10,3.2,0,3,,decreasing,6,2026-08-17,2026-09-21
6013945050,,2,150,75.0,60,cherry blossom,1,7,0,2,0.52,0,1,,insufficient_data,14,2026-08-17,2026-09-13
6016942325,aeqpll,9,850,94.4,90,lily flower,4,13,6,6,6.3,2,3,,increasing,0,2026-09-17,2026-09-27
6018653421,qiio11,1,120,120.0,120,jacaranda,1,11,6,1,1.0,0,1,,insufficient_data,77,2026-07-12,2026-07-12
6024995752,Only0l,2,140,70.0,70,black forest cake,2,12,3,1,2.0,0,1,,insufficient_data,24,2026-09-03,2026-09-03
6031817373,i8cl2,1,60,60.0,60,rose,1,1,5,1,1.0,0,1,,insufficient_data,1,2026-09-26,2026-09-26
6032290851,Rii_t,1,180,180.0,180,plum blossom,1,14,5,1,1.0,0,1,,insufficient_data,1,2026-09-26,2026-09-26
6033536217,firas098q,3,140,46.7,30,azalea,3,10,3,3,0.23,0,1,,insufficient_data,8,2026-06-18,2026-09-19
6036917195,demasaii,18,1590,88.3,120,cloud moon tree,5,11,4,11,6.63,0,8,,increasing,9,2026-08-30,2026-09-18
6042402528,yoyo_2i,9,1070,118.9,120,aqua pearl,7,1,4,3,9.0,0,2,,decreasing,97,2026-06-18,2026-06-22
6043265003,abtwx,7,555,79.3,90,starry tree,4,13,4,5,3.77,0,2,,stable,17,2026-08-28,2026-09-10
6045634762,tooo_100,29,3100,106.9,90,wisteria,4,13,5,16,5.34,0,7,,stable,3,2026-08-17,2026-09-24
6051761050,,2,270,135.0,90,cherry blossom,2,4,5,1,2.0,0,1,,insufficient_data,78,2026-07-11,2026-07-11
6053806588,lbaqerx,2,350,175.0,175,jacaranda,1,2,2,1,2.0,0,1,,insufficient_data,46,2026-08-12,2026-08-12
6059780797,nonaco17,5,300,60.0,60,blue oak tree,5,5,5,3,0.4,0,2,,stable,6,2026-06-26,2026-09-21
6066649586,,1,60,60.0,60,celestial tree,1,13,2,1,1.0,0,1,,insufficient_data,11,2026-09-16,2026-09-16
606914943,JllIIX,1,180,180.0,180,azalea,1,15,5,1,1.0,0,1,,insufficient_data,8,2026-09-19,2026-09-19
6069962890,c6lio,3,295,98.3,60,cherry blossom,2,14,6,2,3.0,0,2,,insufficient_data,14,2026-09-12,2026-09-13
6072029920,zMAFX,4,240,60.0,60,wishing tree,1,19,0,4,4.0,0,4,,stable,18,2026-09-06,2026-09-09
6075175105,iwzxy,1,60,60.0,60,carnation,1,20,1,1,1.0,0,1,,insufficient_data,40,2026-08-18,2026-08-18
6075191386,ffawaf,1,65,65.0,65,bush,1,8,3,1,1.0,0,1,,insufficient_data,10,2026-09-17,2026-09-17
6076678580,Ahmed_7b2,14,1180,84.3,120,star coral,3,7,6,9,1.85,0,3,,decreasing,33,2026-07-03,2026-08-25
6080088441,Manarksau,1,90,90.0,90,allium,1,23,4,1,1.0,0,1,,insufficient_data,2,2026-09-25,2026-09-25
6084705549,SSAAhiiiii,1,60,60.0,60,lily flower,1,21,4,1,1.0,0,1,,insufficient_data,37,2026-08-21,2026-08-21
6085171838,bigheartsoftsoul,45,4680,104.0,120,moth orchid,14,1,4,14,6.43,0,6,,stable,30,2026-07-10,2026-08-28
6086569959,sugalof0004,1,90,90.0,90,four-leaf clover,1,13,2,1,1.0,0,1,,insufficient_data,95,2026-06-24,2026-06-24
6086638417,,97,7915,81.6,60,moon tree,9,13,1,48,7.9,0,17,0.5,increasing,19,2026-06-14,2026-09-08
608866663,rion_0m,13,730,56.2,60,bald cypress,3,6,6,6,6.5,0,2,,increasing,21,2026-08-23,2026-09-06
609020691,Dti5i,2,240,120.0,120,twilight guardian,2,21,0,2,2.0,0,1,,insufficient_data,14,2026-09-07,2026-09-13
6093636381,ksa_dr6,2,120,60.0,60,lavender,1,13,0,1,2.0,0,1,,insufficient_data,20,2026-09-07,2026-09-07
6096036532,h_a_j_e_r9,2,130,65.0,60,dancing lady orchid,2,21,0,1,2.0,0,1,,insufficient_data,34,2026-08-24,2026-08-24
610195021,Morenitaa99,2,105,52.5,45,celestial tree,2,15,1,2,2.0,0,2,,insufficient_data,4,2026-09-22,2026-09-23
6103689206,oh7u7,9,325,36.1,30,12th anniversary cake tree,5,10,5,3,9.0,0,2,,increasing,1,2026-09-19,2026-09-26
6104333681,zl5vi,3,250,83.3,60,lily flower,3,6,2,2,3.0,0,2,,insufficient_data,24,2026-09-02,2026-09-03
610618537,Eon1y,35,2310,66.0,60,rainbow eucalyptus,8,6,0,8,8.75,0,7,,stable,14,2026-08-16,2026-09-13
6118132078,May7leo,10,1440,144.0,180,geraniums fairy,5,10,0,7,0.83,0,1,,stable,13,2026-06-22,2026-09-14
6118842823,Cssarah,9,645,71.7,60,golden wings,7,13,0,7,3.94,0,1,,stable,1,2026-09-10,2026-09-26
6120491389,MEDGIRL3,56,3305,59.0,60,wishing flower,25,17,4,14,11.53,3,4,,stable,0,2026-08-24,2026-09-27
6122898475,,53,5320,100.4,120,royal poinciana,31,7,1,26,11.24,0,9,,increasing,73,2026-06-13,2026-07-16
612361988,ZA_355,2,150,75.0,60,maple,1,15,0,1,2.0,0,1,,insufficient_data,34,2026-08-24,2026-08-24
6123901891,,2,240,120.0,120,plum blossom,1,14,5,1,2.0,0,1,,insufficient_data,8,2026-09-19,2026-09-19
612902571,moonlight040,1,120,120.0,120,weeping willow,1,1,6,1,1.0,0,1,,insufficient_data,98,2026-06-21,2026-06-21
6130292848,SwalehaAli,2,150,75.0,60,red spider lily,2,5,0,1,2.0,0,1,,insufficient_data,13,2026-09-14,2026-09-14
6133807828,klkz22,14,1220,87.1,80,plum blossom,3,16,5,4,6.12,0,1,,stable,8,2026-09-03,2026-09-19
6135276471,iilpjolg,4,260,65.0,60,choco chip cupcake,4,13,4,3,4.0,0,3,,decreasing,2,2026-09-23,2026-09-25
6139424893,q_t507,272,23150,85.1,90,jacaranda,3,2,5,49,18.31,5,19,0.0,stable,0,2026-06-15,2026-09-27
6142263706,xii_1429,68,10650,156.6,180,camellia,12,16,1,23,8.5,0,8,,stable,10,2026-07-23,2026-09-17
6146234668,,1,35,35.0,35,balloon flower,1,15,3,1,1.0,0,1,,insufficient_data,38,2026-08-20,2026-08-20
6146351917,Dick_Grayson15,3,330,110.0,60,royal poinciana,2,6,6,3,3.0,1,1,,insufficient_data,0,2026-09-20,2026-09-27
6153752458,u5iixk,1,60,60.0,60,space tree,1,21,6,1,1.0,0,1,,insufficient_data,7,2026-09-20,2026-09-20
6164873429,Om_7dr,3,390,130.0,90,cherry blossom,1,13,5,2,3.0,0,2,,insufficient_data,8,2026-09-18,2026-09-19
616684657,pille2,5,285,57.0,30,rainbow flower,1,12,6,2,5.0,2,2,,stable,0,2026-09-26,2026-09-27
6178075484,xox_yi,4,450,112.5,120,allium,4,21,5,3,1.87,2,2,,increasing,0,2026-09-12,2026-09-27
6186474683,w1irr,5,390,78.0,90,jacaranda,3,2,1,3,5.0,0,3,,decreasing,75,2026-07-12,2026-07-14
6188893501,nounyn,20,1580,79.0,60,cherry blossom,4,17,5,11,5.19,0,3,,decreasing,4,2026-08-27,2026-09-23
6190158690,,1,180,180.0,180,lavender,1,8,5,1,1.0,0,1,,insufficient_data,22,2026-09-05,2026-09-05
6190890879,amany1amany,14,1380,98.6,60,ginkgo,7,5,3,6,1.01,0,2,,increasing,4,2026-06-18,2026-09-23
6200086526,aryam656,2,300,150.0,120,cherry blossom,2,22,1,2,2.0,0,2,,insufficient_data,18,2026-09-08,2026-09-09
620060421,iioeu4,1,120,120.0,120,unknown,1,0,6,1,1.0,0,1,1.0,insufficient_data,105,2026-06-14,2026-06-14
6218044622,a9rvle,1,60,60.0,60,wishing tree,1,11,0,1,1.0,0,1,,insufficient_data,34,2026-08-24,2026-08-24
6218191841,seeera202,1,50,50.0,50,dancing lady orchid,1,5,6,1,1.0,0,1,,insufficient_data,77,2026-07-12,2026-07-12
6219461367,cvnv0,14,1220,87.1,90,strawberry macaron,7,18,0,11,5.76,0,3,,stable,5,2026-09-05,2026-09-22
6219724528,l_no_29,1,120,120.0,120,weeping willow,1,4,0,1,1.0,0,1,,insufficient_data,62,2026-07-27,2026-07-27
6219889498,oiiae8,14,885,63.2,60,hyacinth,9,6,0,7,1.36,0,5,,increasing,12,2026-07-05,2026-09-15
6220908531,,3,300,100.0,60,cedar,1,8,3,2,3.0,0,1,,insufficient_data,10,2026-09-10,2026-09-17
6233077614,lqai2,1,120,120.0,120,pink oak tree,1,12,4,1,1.0,0,1,,insufficient_data,2,2026-09-25,2026-09-25
623522660,R_3nad,1,60,60.0,60,moth orchid,1,15,4,1,1.0,0,1,,insufficient_data,2,2026-09-25,2026-09-25
623754605,erg3t,12,1295,107.9,120,confederate rose,8,0,5,5,12.0,0,5,0.0,decreasing,26,2026-08-28,2026-09-01
624026435,II_5Iq,7,730,104.3,120,cloud moon tree,6,3,4,4,7.0,0,2,,decreasing,4,2026-09-17,2026-09-23
6242274863,Raseel_moa,1,105,105.0,105,lily flower,1,23,2,1,1.0,0,1,,insufficient_data,67,2026-07-22,2026-07-22
6242414373,eprof8,5,410,82.0,60,lotus,1,12,5,4,5.0,2,2,,increasing,0,2026-09-20,2026-09-27
6250303987,gataraaxoxo,1,10,10.0,10,cedar,1,13,3,1,1.0,0,1,,insufficient_data,31,2026-08-27,2026-08-27
6251175603,i_3au,8,480,60.0,60,bald cypress,5,17,4,3,4.0,0,1,,stable,2,2026-09-11,2026-09-25
625233142,Hgly16,27,1410,52.2,60,golden trumpet tree,10,11,6,10,2.7,0,2,,stable,7,2026-07-12,2026-09-20
6256519479,Leo_hadi10,8,540,67.5,60,jacaranda fairy,4,23,6,3,4.67,1,1,,decreasing,0,2026-09-15,2026-09-27
6265430498,HNMEB6,4,390,97.5,120,epiphyllum,3,9,4,2,4.0,0,2,,decreasing,78,2026-07-10,2026-07-11
6265904501,batqthm,3,320,106.7,100,tulip,2,12,1,3,3.0,0,2,,insufficient_data,11,2026-09-13,2026-09-16
6268910317,,16,2190,136.9,180,rose,9,15,1,9,5.89,0,5,,stable,2,2026-09-06,2026-09-25
6276236624,J_M224,15,1565,104.3,100,snowflake bush,9,0,0,12,2.69,0,4,,decreasing,3,2026-08-16,2026-09-24
6278225984,Ahmed_goat1,1,70,70.0,70,candy tree,1,23,3,1,1.0,0,1,,insufficient_data,66,2026-07-23,2026-07-23
6278499242,jasanaa,2,240,120.0,120,candy tree,1,18,6,1,2.0,0,1,,insufficient_data,7,2026-09-20,2026-09-20
6278713062,razen19,4,465,116.2,120,cedar,3,14,4,2,4.0,0,1,1.0,stable,100,2026-06-14,2026-06-19
6279286237,,2,90,45.0,45,celestial tree,1,13,0,1,2.0,0,1,,insufficient_data,83,2026-07-06,2026-07-06
628054426,lamar20066,3,150,50.0,60,azalea,3,20,6,2,3.0,0,2,,insufficient_data,6,2026-09-20,2026-09-21
6283786782,velovra,2,180,90.0,60,red spider lily,1,12,2,2,2.0,0,1,,insufficient_data,37,2026-08-19,2026-08-21
6284352327,sar5389,2,210,105.0,90,geraniums,2,1,0,2,2.0,0,2,,insufficient_data,48,2026-08-09,2026-08-10
6288275533,str_899,2,170,85.0,80,carnation,1,0,1,2,2.0,0,2,,insufficient_data,4,2026-09-22,2026-09-23
6289062258,wjdr2,1,60,60.0,60,lavender,1,13,6,1,1.0,0,1,,insufficient_data,21,2026-09-06,2026-09-06
6290111028,lloollyy2,2,150,75.0,60,lotus,2,16,3,2,1.27,0,1,,insufficient_data,17,2026-08-30,2026-09-10
629577999,ioioioioioioiooioioi,3,240,80.0,60,balloon flower,3,16,0,3,0.22,0,1,,insufficient_data,8,2026-06-15,2026-09-19
6297227605,llv_lp,3,275,91.7,65,cherry blossom,1,5,3,3,3.0,0,2,,insufficient_data,3,2026-09-18,2026-09-24
6304565573,xora9,2,20,10.0,10,lavender,1,0,1,1,2.0,0,1,,insufficient_data,96,2026-06-23,2026-06-23
6304689208,so_0u9,1,60,60.0,60,celestial tree,1,16,0,1,1.0,0,1,,insufficient_data,13,2026-09-14,2026-09-14
6308101935,fji1q,4,420,105.0,90,carnation,2,8,6,4,2.0,0,1,,increasing,28,2026-08-16,2026-08-30
6310993339,,3,300,100.0,90,cherry blossom,3,2,0,3,1.31,0,1,,insufficient_data,17,2026-08-25,2026-09-10
631205933,eorits,49,5940,121.2,120,confederate rose,20,11,5,27,9.8,4,8,,stable,0,2026-08-23,2026-09-27
6312235866,amerr_da1,2,200,100.0,100,wishing tree,1,17,5,1,2.0,0,1,,insufficient_data,1,2026-09-26,2026-09-26
6316742587,liq7lt,2,150,75.0,70,unicorn tree,1,12,4,2,2.0,0,1,,insufficient_data,2,2026-09-18,2026-09-25
6319498989,eeeaaa4,33,3140,95.2,90,epiphyllum,21,6,1,11,2.26,0,3,,decreasing,4,2026-06-13,2026-09-23
6321805197,Astronamy1,1,30,30.0,30,star coral,1,16,0,1,1.0,0,1,1.0,insufficient_data,41,2026-08-17,2026-08-17
6321833079,rorr_3,1,60,60.0,60,cherry blossom,1,22,4,1,1.0,0,1,,insufficient_data,79,2026-07-10,2026-07-10
6322112576,,1,120,120.0,120,bald cypress,1,12,5,1,1.0,0,1,,insufficient_data,15,2026-09-12,2026-09-12
6322618297,c06iii,10,910,91.0,90,cherry cheese cake,7,11,4,3,10.0,0,2,,stable,9,2026-09-11,2026-09-18
6324437739,satturwa6,5,900,180.0,180,celestial tree,3,16,0,4,2.19,0,2,,stable,55,2026-07-18,2026-08-03
6332704527,,1,60,60.0,60,bush,1,16,5,1,1.0,0,1,,insufficient_data,36,2026-08-22,2026-08-22
6334318525,jjjjjjjjjjjjjjjjjjjjjjjjjjji1,2,150,75.0,30,chocolate strawberry cake,1,5,4,2,2.0,0,1,,insufficient_data,77,2026-07-10,2026-07-12
633770047,,1,45,45.0,45,plum blossom,1,12,3,1,1.0,0,1,,insufficient_data,10,2026-09-17,2026-09-17
6345482093,jnox_99,3,270,90.0,90,forest spirit,3,9,0,3,1.5,0,1,,insufficient_data,62,2026-07-13,2026-07-27
6347093248,RY9Y9,2,240,120.0,60,jacaranda,1,15,6,1,2.0,0,1,,insufficient_data,7,2026-09-20,2026-09-20
6350079175,,1,60,60.0,60,carnation,1,13,2,1,1.0,0,1,,insufficient_data,11,2026-09-16,2026-09-16
6351127719,vsucli,4,300,75.0,60,starburst tree,2,8,6,1,4.0,0,1,,stable,77,2026-07-12,2026-07-12
6351318553,sh_19_AL,60,4825,80.4,60,azalea,45,3,0,8,60.0,0,8,0.333,stable,41,2026-08-10,2026-08-17
6357943850,ONLEY_T,7,810,115.7,90,celestial tree,6,4,4,6,1.17,0,3,,stable,44,2026-07-03,2026-08-14
6362357412,khaled_alz6,11,860,78.2,90,blueberry cake,6,18,3,3,11.0,0,3,,increasing,36,2026-08-20,2026-08-22
6366050593,riiriipqv,10,870,87.0,90,dandelion,7,8,0,7,2.19,0,2,,increasing,2,2026-08-24,2026-09-25
6367777116,ouwiqm,1,120,120.0,120,wishing tree,1,18,3,1,1.0,0,1,,insufficient_data,3,2026-09-24,2026-09-24
636885657,SDO_u,1,120,120.0,120,wisteria,1,13,1,1,1.0,0,1,,insufficient_data,26,2026-09-01,2026-09-01
6371979979,i4iixw,26,1605,61.7,60,choco chip cupcake,22,19,5,8,5.35,2,3,,stable,0,2026-08-24,2026-09-27
637551477,ii77iuu,3,270,90.0,90,osmanthus,2,10,1,1,3.0,0,1,,insufficient_data,103,2026-06-16,2026-06-16
6376470368,Lily6cr7,8,650,81.2,60,sundae tree,7,1,4,4,6.22,0,1,,stable,28,2026-08-21,2026-08-30
6376492296,alcxza,3,270,90.0,90,monstera,2,1,4,3,3.0,0,2,,insufficient_data,57,2026-07-26,2026-08-01
6377677858,l99cca,15,1000,66.7,60,rose,6,11,0,9,1.31,0,2,,increasing,24,2026-06-15,2026-09-03
6378023627,jana_hassan135,1,60,60.0,60,osmanthus,1,8,0,1,1.0,0,1,,insufficient_data,55,2026-08-03,2026-08-03
6378210456,li7_ae,14,1310,93.6,90,celestial tree,4,6,1,10,7.0,0,4,,increasing,5,2026-09-08,2026-09-22
6389031170,remoos67,3,330,110.0,120,candy tree,1,16,3,3,3.0,0,2,,insufficient_data,9,2026-09-13,2026-09-18
6389822887,uusksljcldlsansnsn,1,60,60.0,60,maple,1,13,6,1,1.0,0,1,,insufficient_data,7,2026-09-20,2026-09-20
6390381805,I60z0y,21,1635,77.9,60,strawberry chiffon cake,17,6,1,12,8.17,0,5,,increasing,3,2026-09-06,2026-09-24
6390663972,,3,280,93.3,50,bush,3,0,0,3,1.4,0,1,,insufficient_data,27,2026-08-16,2026-08-31
6398902096,noon_0i,4,300,75.0,60,lavender,3,6,3,4,2.0,0,2,,decreasing,3,2026-09-10,2026-09-24
6399007609,jutcl,2,270,135.0,90,celestial tree,2,12,0,2,2.0,0,1,,insufficient_data,1,2026-09-21,2026-09-26
6400464927,mire1llen,3,210,70.0,60,carnation,3,14,0,3,1.62,0,1,,insufficient_data,7,2026-09-07,2026-09-20
6402306233,Sa1mA3,11,1240,112.7,120,unknown,9,10,5,4,11.0,0,4,,stable,34,2026-08-21,2026-08-24
6402464568,leimo2o,3,255,85.0,45,azalea,3,8,5,3,1.4,0,2,,insufficient_data,77,2026-06-27,2026-07-12
6403482730,Jjujoi,1,60,60.0,60,rose,1,15,6,1,1.0,0,1,,insufficient_data,14,2026-09-13,2026-09-13
6405635769,omxtp,155,22650,146.1,180,money fortune tree,27,7,5,43,13.73,1,12,0.0,stable,0,2026-07-10,2026-09-27
640579835,llvll33,7,570,81.4,60,lavender,5,23,6,6,0.88,0,1,,stable,7,2026-07-26,2026-09-20
6409665630,Lamar2173,6,540,90.0,60,osmanthus,3,2,3,3,2.8,0,1,,increasing,2,2026-09-10,2026-09-25
6410286691,,8,785,98.1,100,jacaranda,5,9,1,4,2.43,0,1,,decreasing,19,2026-08-16,2026-09-08
6414025215,iimbrown,3,330,110.0,120,royal poinciana,2,8,4,2,3.0,0,1,,insufficient_data,65,2026-07-19,2026-07-24
6414472996,,1,120,120.0,120,cosmos,1,14,6,1,1.0,0,1,,insufficient_data,42,2026-08-16,2026-08-16
6419020028,,1,60,60.0,60,jacaranda,1,19,0,1,1.0,0,1,,insufficient_data,34,2026-08-24,2026-08-24
64209639,Rana0mar,4,100,25.0,25,hyacinth,2,14,5,1,4.0,0,1,,stable,78,2026-07-11,2026-07-11
6422800418,kknnn0,5,330,66.0,60,jacaranda,2,10,1,3,0.36,0,2,,decreasing,7,2026-06-16,2026-09-20
6425611151,tarteil,1,60,60.0,60,celestial tree,1,17,6,1,1.0,0,1,,insufficient_data,98,2026-06-21,2026-06-21
6428702759,Gotfromhpo,14,1110,79.3,90,golden wings,5,8,5,9,5.16,0,3,,stable,1,2026-09-07,2026-09-26
6429052954,,48,4710,98.1,120,jacaranda,7,19,0,17,7.81,0,7,,increasing,34,2026-07-12,2026-08-24
643183205,Aisha_Saleh2,1,60,60.0,60,lemon cupcake,1,16,0,1,1.0,0,1,,insufficient_data,20,2026-09-07,2026-09-07
6441486200,notfarah09,4,260,65.0,60,moon tree,3,10,2,4,4.0,0,2,,decreasing,95,2026-06-17,2026-06-24
6446196485,Ay3o5,3,270,90.0,90,carnation,1,20,1,1,3.0,0,1,,insufficient_data,103,2026-06-16,2026-06-16
6448368913,LllllllLliu,1,70,70.0,70,wishing tree,1,13,6,1,1.0,1,1,,insufficient_data,0,2026-09-27,2026-09-27
6452700828,ereruil,3,240,80.0,90,forest spirit,1,19,5,1,3.0,0,1,,insufficient_data,106,2026-06-13,2026-06-13
6453756603,xcrrll,61,5400,88.5,90,epiphyllum,16,11,5,15,12.2,0,5,,stable,58,2026-06-26,2026-07-31
6459587339,jvt_0,1,120,120.0,120,unicorn tree,1,14,4,1,1.0,0,1,,insufficient_data,23,2026-09-04,2026-09-04
6463943134,ann7iu,9,1060,117.8,100,jacaranda,2,13,1,5,9.0,0,2,,increasing,24,2026-08-28,2026-09-03
6466312840,,1,60,60.0,60,snapdragons,1,12,6,1,1.0,0,1,,insufficient_data,77,2026-07-12,2026-07-12
6466446871,lmaarl,50,5040,100.8,90,allium,32,12,5,23,4.55,0,9,,increasing,1,2026-07-11,2026-09-26
6471421868,rem_as76,1,90,90.0,90,carnation,1,8,5,1,1.0,0,1,,insufficient_data,78,2026-07-11,2026-07-11
6480786412,joy_7a,2,160,80.0,80,cosmos,1,14,3,1,2.0,0,1,,insufficient_data,3,2026-09-24,2026-09-24
6487968307,rvl5i,2,340,170.0,160,carnation,2,4,1,2,0.7,0,1,,insufficient_data,19,2026-08-19,2026-09-08
6490780477,,2,180,90.0,90,moon tree,2,2,4,2,0.93,0,1,,insufficient_data,8,2026-09-04,2026-09-19
6491043177,reverf,14,1260,90.0,60,unknown,8,7,4,9,3.16,1,3,,decreasing,0,2026-08-27,2026-09-27
6491837815,Ebrahemrade2341,2,130,65.0,10,candy tree,1,6,3,2,2.0,0,2,,insufficient_data,93,2026-06-25,2026-06-26
6501042290,Aq7_p,2,300,150.0,120,dusty miller,2,18,0,2,2.0,0,1,,insufficient_data,13,2026-09-11,2026-09-14
650208855,plii3e,2,130,65.0,60,blueberry cake,2,17,5,2,2.0,0,2,,insufficient_data,7,2026-09-19,2026-09-20
650525242,Physical_sa,6,585,97.5,120,wishing tree,1,0,6,3,6.0,0,3,,decreasing,77,2026-07-10,2026-07-12
651279933,i92ie,7,410,58.6,60,coffee macaron,4,0,1,2,4.45,0,1,,increasing,12,2026-09-04,2026-09-15
6515512537,ib6241,8,480,60.0,60,cosmos,4,8,1,4,1.24,0,1,,stable,19,2026-07-25,2026-09-08
6518657664,pxlzl4,2,240,120.0,60,sundae tree,1,4,0,2,0.88,0,1,,insufficient_data,13,2026-08-29,2026-09-14
6525878643,ddl0o,54,4155,76.9,45,unknown,19,10,1,22,6.2,1,7,,increasing,0,2026-07-28,2026-09-27
6529714913,ran6789_3,2,260,130.0,130,lavender,1,12,4,1,2.0,0,1,,insufficient_data,65,2026-07-24,2026-07-24
6530477248,laxd_2,1,50,50.0,50,matcha cupcake,1,14,3,1,1.0,0,1,,insufficient_data,3,2026-09-24,2026-09-24
6534425567,vv77_00,18,2125,118.1,120,forest spirit,14,13,5,6,14.0,0,3,,decreasing,1,2026-09-17,2026-09-26
6536842014,,2,120,60.0,60,monstera,1,9,5,1,2.0,0,1,,insufficient_data,71,2026-07-18,2026-07-18
6538424675,ullin1,1,120,120.0,120,lavender,1,9,2,1,1.0,0,1,,insufficient_data,67,2026-07-22,2026-07-22
6539705881,ta_16y,10,1140,114.0,120,golden trumpet tree,9,10,3,2,10.0,0,2,,increasing,9,2026-09-17,2026-09-18
6543564262,nolk2008,2,120,60.0,60,iris,2,19,4,1,2.0,0,1,,insufficient_data,9,2026-09-18,2026-09-18
6552794826,p8rjj,45,6050,134.4,180,juliet,21,1,2,25,8.08,0,11,,stable,2,2026-08-17,2026-09-25
6556240217,ut6yi,4,270,67.5,60,balloon flower,1,12,4,3,3.5,0,2,,increasing,1,2026-09-18,2026-09-26
6556831175,Nony_1239,3,300,100.0,60,golden wings,3,9,1,3,0.22,0,2,,insufficient_data,8,2026-06-16,2026-09-19
655782513,binfisall,1,180,180.0,180,celestial tree,1,13,2,1,1.0,0,1,,insufficient_data,25,2026-09-02,2026-09-02
6561457484,,16,1495,93.4,90,allium,7,13,6,12,1.42,1,3,,stable,0,2026-07-10,2026-09-27
6561541057,CCIS01,1,70,70.0,70,maple,1,18,6,1,1.0,0,1,,insufficient_data,21,2026-09-06,2026-09-06
6563066670,userohood,2,200,100.0,90,epiphyllum,2,18,5,1,2.0,0,1,,insufficient_data,106,2026-06-13,2026-06-13
6564487294,zainabarea1,1,60,60.0,60,snowflake bush,1,15,1,1,1.0,0,1,,insufficient_data,5,2026-09-22,2026-09-22
6568832981,,1,120,120.0,120,golden trumpet tree,1,19,4,1,1.0,0,1,,insufficient_data,79,2026-07-10,2026-07-10
657486342,vliic9,44,5310,120.7,180,cosmos,14,11,5,14,3.11,0,10,,stable,7,2026-06-13,2026-09-20
6575377604,r0ania,4,315,78.8,60,lily flower,1,14,1,3,1.75,0,1,,increasing,3,2026-09-08,2026-09-24
6577452414,ghgh_26,9,580,64.4,90,cherry cheese cake,4,15,6,2,9.0,0,1,,decreasing,7,2026-09-18,2026-09-20
6578122319,R_23am,4,370,92.5,120,cedar,2,11,6,4,0.29,0,2,,decreasing,7,2026-06-14,2026-09-20
6579102737,,100,9790,97.9,60,unknown,19,14,5,21,21.21,0,5,,stable,1,2026-08-24,2026-09-26
6580604263,lconic_A,37,4200,113.5,120,golden wings,15,23,6,17,9.25,1,7,,stable,0,2026-08-30,2026-09-27
6582285079,e_ju0,2,210,105.0,90,candy tree,2,20,0,1,2.0,0,1,,insufficient_data,104,2026-06-15,2026-06-15
6583458927,irunry,8,470,58.8,60,ginkgo,2,11,4,6,2.95,0,2,,stable,3,2026-09-05,2026-09-24
6583503888,Ww8233,10,930,93.0,60,maple,5,2,5,3,10.0,3,3,,decreasing,0,2026-09-25,2026-09-27
6587268878,sllix4,1,80,80.0,80,dusty miller,1,15,6,1,1.0,0,1,,insufficient_data,7,2026-09-20,2026-09-20
6596506566,,2,150,75.0,60,golden wings,2,2,4,1,2.0,0,1,,insufficient_data,2,2026-09-25,2026-09-25
6615296072,kfupmee8216,2,360,180.0,180,jacaranda,1,9,5,1,2.0,0,1,,insufficient_data,15,2026-09-12,2026-09-12
6619196529,w5jzz,1,120,120.0,120,jacaranda,1,17,1,1,1.0,0,1,,insufficient_data,40,2026-08-18,2026-08-18
6624036233,Randah9520,1,120,120.0,120,sacred light tree,1,14,6,1,1.0,0,1,,insufficient_data,77,2026-07-12,2026-07-12
6624351778,dalin_2025,10,840,84.0,90,dandelion,8,16,6,7,2.0,0,3,,stable,6,2026-08-17,2026-09-21
6627561872,,1,60,60.0,60,lily flower,1,18,0,1,1.0,0,1,,insufficient_data,6,2026-09-21,2026-09-21
6630296778,JAAO128,7,420,60.0,60,blueberry macaron,5,14,5,5,7.0,0,4,,stable,94,2026-06-20,2026-06-25
6632248271,roryi7,3,180,60.0,60,cherry cheese cake,3,0,4,2,2.33,0,1,,insufficient_data,21,2026-08-28,2026-09-06
6632334701,Mhmd_Wi,2,100,50.0,40,starburst tree,2,16,6,1,2.0,0,1,,insufficient_data,14,2026-09-13,2026-09-13
6638875810,monia_sh18,36,2940,81.7,60,cloud moon tree,29,16,5,12,5.48,0,6,,stable,43,2026-06-30,2026-08-15
6643355468,Ragadiam,3,240,80.0,90,snowflake bush,2,11,5,1,3.0,0,1,,insufficient_data,1,2026-09-26,2026-09-26
6643405945,SWE_KSU446,1,60,60.0,60,golden trumpet tree,1,10,5,1,1.0,0,1,,insufficient_data,1,2026-09-26,2026-09-26
6645971688,girllugarr,4,460,115.0,120,water spirit,2,0,4,3,3.5,0,1,,stable,1,2026-09-18,2026-09-26
6646640705,salma_vq1,6,570,95.0,90,allium,6,14,1,5,0.63,0,3,,increasing,12,2026-07-10,2026-09-15
6651434771,uivizz8,3,300,100.0,90,cherry blossom,2,4,6,2,3.0,0,1,,insufficient_data,77,2026-07-10,2026-07-12
6654215313,reol2,2,210,105.0,90,cuckoo clock,2,1,1,2,1.17,1,1,,insufficient_data,0,2026-09-15,2026-09-27
6661875479,Jjaja_5,1,60,60.0,60,candy tree,1,15,3,1,1.0,0,1,,insufficient_data,10,2026-09-17,2026-09-17
6662177093,F123com,30,2445,81.5,90,allium,24,14,4,9,11.67,3,3,,stable,0,2026-09-09,2026-09-27
6666936056,,2,180,90.0,90,carnation,1,17,2,1,2.0,0,1,,insufficient_data,81,2026-07-08,2026-07-08
6666972079,KFUPM_AE,71,6895,97.1,120,plum blossom,18,14,4,26,5.07,0,3,,stable,1,2026-06-20,2026-09-26
666832134,marieclaire00,30,1565,52.2,50,wisteria,24,16,2,10,2.21,0,3,,stable,11,2026-06-13,2026-09-16
6672311362,starlitt11,1,90,90.0,90,plum blossom,1,2,4,1,1.0,0,1,,insufficient_data,79,2026-07-10,2026-07-10
6679522067,,7,830,118.6,180,bamboo,2,12,0,6,7.0,0,3,,increasing,69,2026-07-13,2026-07-20
6681883891,cosmic37369,5,370,74.0,70,epiphyllum,4,4,2,5,1.06,0,2,,stable,32,2026-07-24,2026-08-26
6683228176,ilxrki,1,50,50.0,50,cherry blossom,1,21,1,1,1.0,0,1,,insufficient_data,5,2026-09-22,2026-09-22
6687035537,Sakina_009,3,170,56.7,60,bamboo,3,3,0,2,3.0,0,1,,insufficient_data,18,2026-09-07,2026-09-09
669037922,fa_ya2,19,1875,98.7,60,cosmos,8,8,5,8,2.29,0,2,,decreasing,20,2026-07-11,2026-09-07
6709748388,,1,180,180.0,180,moon tree,1,9,3,1,1.0,0,1,,insufficient_data,38,2026-08-20,2026-08-20
6711957493,lilp5i,4,480,120.0,120,cherry blossom,2,18,2,3,0.51,0,1,,stable,12,2026-07-22,2026-09-15
6712016414,cil1g,1,120,120.0,120,lotus,1,22,5,1,1.0,0,1,,insufficient_data,71,2026-07-18,2026-07-18
6713923573,mu9u1,25,3215,128.6,180,snowflake bush,10,12,3,15,3.72,0,3,0.0,stable,47,2026-06-25,2026-08-11
6720770706,couuuuyi,7,540,77.1,60,snowdrop,6,15,6,5,7.0,0,5,,stable,5,2026-09-18,2026-09-22
672376103,The_YoungDragon,18,1110,61.7,60,jacaranda,1,20,5,14,3.41,0,4,,stable,1,2026-08-20,2026-09-26
6729988078,,5,540,108.0,60,osmanthus,3,15,1,4,2.69,0,2,,increasing,1,2026-09-13,2026-09-26
6738154470,jj501jj,8,930,116.2,125,jacaranda fairy,3,16,5,4,7.0,2,2,,stable,0,2026-09-19,2026-09-27
6745810870,,7,1130,161.4,180,balloon flower,4,7,0,5,4.9,0,3,,increasing,6,2026-09-11,2026-09-21
6747092162,,1,90,90.0,90,carnation,1,10,3,1,1.0,0,1,,insufficient_data,31,2026-08-27,2026-08-27
674734590,,1,60,60.0,60,sunflower,1,7,1,1,1.0,0,1,,insufficient_data,61,2026-07-28,2026-07-28
6751323055,dddd8di,1,180,180.0,180,coconut tree,1,12,1,1,1.0,0,1,,insufficient_data,5,2026-09-22,2026-09-22
6768818337,SADTTUU,5,360,72.0,60,carnation,4,11,1,4,2.69,0,2,,stable,3,2026-09-11,2026-09-24
6777310730,only1arwa,3,365,121.7,65,jacaranda,1,9,0,3,0.78,0,1,,insufficient_data,48,2026-07-14,2026-08-10
6790561868,,1,60,60.0,60,snowflake bush,1,0,1,1,1.0,0,1,,insufficient_data,19,2026-09-08,2026-09-08
6796723029,joriiix9,2,110,55.0,50,narcissus,2,11,5,2,2.0,0,2,,insufficient_data,14,2026-09-12,2026-09-13
6798304262,Qmrstun,12,945,78.8,90,jacaranda,10,23,4,7,1.68,0,3,1.0,decreasing,29,2026-07-10,2026-08-29
6799509379,zz_ori,3,480,160.0,180,jacaranda,2,22,0,2,3.0,0,1,,insufficient_data,6,2026-09-16,2026-09-21
6800170397,Yusufalii,1,60,60.0,60,cedar,1,14,1,1,1.0,0,1,,insufficient_data,19,2026-09-08,2026-09-08
6800846468,Vnrrk,110,6595,60.0,60,jacaranda,37,10,0,14,38.5,0,10,0.0,stable,30,2026-08-08,2026-08-28
6800980732,tlrlv,13,1240,95.4,50,confederate rose,8,18,4,9,1.15,3,4,,decreasing,0,2026-07-10,2026-09-27
6808594118,spetaly,3,330,110.0,120,jacaranda,3,0,0,3,0.47,0,1,,insufficient_data,24,2026-07-20,2026-09-03
6815785167,engRahaf11,1,60,60.0,60,lily flower,1,9,2,1,1.0,0,1,,insufficient_data,95,2026-06-24,2026-06-24
6828021445,DrHalimahs,25,3630,145.2,180,dahlia,16,14,0,21,1.68,2,4,,decreasing,0,2026-06-15,2026-09-27
6831554133,Aa_10020,115,11545,100.4,120,juniper,63,16,1,22,14.38,0,20,0.667,increasing,23,2026-07-10,2026-09-04
6839277776,iimyas_2,1,80,80.0,80,jacaranda,1,19,5,1,1.0,0,1,,insufficient_data,78,2026-07-11,2026-07-11
6842387908,lolstra,3,390,130.0,90,carnation,3,5,0,3,0.55,0,2,,insufficient_data,3,2026-08-17,2026-09-24
6849309120,nooralsunayni,1,90,90.0,90,matcha cupcake,1,8,2,1,1.0,0,1,,insufficient_data,102,2026-06-17,2026-06-17
6862103295,smsmwafa,3,210,70.0,60,bear's paw,3,8,5,2,3.0,0,2,,insufficient_data,77,2026-07-11,2026-07-12
6862118705,ndoblackfyre,5,460,92.0,100,balloon flower,5,20,4,4,0.5,0,1,,increasing,9,2026-07-10,2026-09-18
6872045189,aryam808,1,45,45.0,45,strawberry chiffon cake,1,11,0,1,1.0,0,1,,insufficient_data,20,2026-09-07,2026-09-07
687462090,aaa_11x,3,360,120.0,120,forest spirit,3,3,4,3,0.75,0,1,,insufficient_data,9,2026-08-21,2026-09-18
6876693435,alljudy,2,120,60.0,60,coconut tree,2,0,3,2,0.61,0,1,,insufficient_data,1,2026-09-03,2026-09-26
6885667776,nawaf0070,9,730,81.1,90,four-leaf clover,5,18,1,6,4.2,0,3,,decreasing,19,2026-08-24,2026-09-08
6896025094,ir9k2,23,2505,108.9,90,dusty miller,14,6,3,16,4.88,1,3,,increasing,0,2026-08-25,2026-09-27
6896784036,jm_9090,4,480,120.0,60,cherry blossom,3,5,0,4,1.87,0,2,,stable,19,2026-08-24,2026-09-08
6896945831,,1,60,60.0,60,maple,1,16,1,1,1.0,0,1,,insufficient_data,61,2026-07-28,2026-07-28
6900948881,miibaa25,5,450,90.0,90,wishing tree,2,4,0,5,5.0,0,5,1.0,stable,101,2026-06-14,2026-06-18
6904236720,mia_5i,4,240,60.0,60,cherry blossom,2,20,6,3,0.88,0,2,,stable,67,2026-06-20,2026-07-22
6905359136,,3,275,91.7,90,carnation,3,11,6,2,3.0,0,1,,insufficient_data,5,2026-09-20,2026-09-22
6908942023,ljdgsjs,2,120,60.0,60,cat-tail willow,1,16,0,2,2.0,0,1,,insufficient_data,13,2026-09-12,2026-09-14
6921515825,R_z3t,6,570,95.0,120,7th anniversary cake tree,6,14,3,3,6.0,0,2,,decreasing,37,2026-08-17,2026-08-21
6952930475,willx8r,4,330,82.5,60,water spirit,3,7,4,3,0.67,0,1,,decreasing,23,2026-07-24,2026-09-04
6954095229,TheFutureSComing,9,370,41.1,15,royal poinciana,8,11,6,4,0.72,0,2,,decreasing,4,2026-06-28,2026-09-23
6956169168,nina87_0,3,270,90.0,90,celestial tree,2,9,3,3,0.3,0,1,,insufficient_data,10,2026-07-09,2026-09-17
6956415382,NeurosurgeryQueenZahraa,1,120,120.0,120,christmas tree,1,4,1,1,1.0,0,1,,insufficient_data,5,2026-09-22,2026-09-22
6961131393,rqn10,6,605,100.8,105,cyclamen,4,8,5,4,0.4,0,1,0.5,stable,2,2026-06-13,2026-09-25
6972945291,jwdlnz,5,690,138.0,180,sunflower,3,7,1,4,4.38,0,1,,stable,33,2026-08-17,2026-08-25
6976642660,SMHarbi,1,60,60.0,60,twilight guardian,1,13,4,1,1.0,0,1,,insufficient_data,79,2026-07-10,2026-07-10
6978824730,FatimahAlshafei,5,550,110.0,120,ginkgo,4,20,5,4,5.0,0,2,,decreasing,3,2026-09-18,2026-09-24
697989827,dimaaah1,16,1770,110.6,120,cuckoo clock,11,14,5,7,7.47,0,2,,stable,1,2026-09-11,2026-09-26
6981823474,AlRaddadi2009,277,44415,160.3,180,planet guardian,40,18,3,59,18.29,8,21,0.0,increasing,0,2026-06-13,2026-09-27
6983830064,uprso,34,3435,101.0,90,lavender,9,10,2,17,5.29,0,6,,increasing,61,2026-06-13,2026-07-28
6990382048,revllbfk,3,170,56.7,60,carnation,1,10,1,3,1.75,1,1,,insufficient_data,0,2026-09-15,2026-09-27
6991520659,Shdno1,1,90,90.0,90,pineapple tree house,1,10,3,1,1.0,0,1,,insufficient_data,17,2026-09-10,2026-09-10
699449106,LaMa5h8,3,270,90.0,90,golden trumpet tree,1,11,5,2,0.72,0,1,,insufficient_data,49,2026-07-11,2026-08-09
700580542,sleepylf,1,90,90.0,90,bellflower,1,14,2,1,1.0,0,1,,insufficient_data,18,2026-09-09,2026-09-09
7006070524,qlreenaa,6,390,65.0,30,geraniums,3,5,5,3,2.47,0,2,,decreasing,62,2026-07-10,2026-07-27
7007652038,xalayl,68,6840,100.6,90,sacred light tree,22,20,4,12,13.6,9,9,,increasing,0,2026-08-23,2026-09-27
7015243533,iiiozx,27,3115,115.4,180,narcissus,12,9,2,10,2.52,0,2,,increasing,30,2026-06-14,2026-08-28
7015845136,scredch,8,400,50.0,50,cherry blossom,1,22,2,3,8.0,0,3,,stable,94,2026-06-23,2026-06-25
7016257026,sho12z,13,1260,96.9,90,lantern flower,12,6,1,8,7.0,0,3,,increasing,1,2026-09-13,2026-09-26
7016380924,lAishal,1,180,180.0,180,rainbow eucalyptus,1,0,0,1,1.0,0,1,,insufficient_data,41,2026-08-17,2026-08-17
7019964145,rx_ew,1,70,70.0,70,wisteria,1,16,6,1,1.0,1,1,,insufficient_data,0,2026-09-27,2026-09-27
702387283,lihf7c,2,180,90.0,90,moth orchid,1,17,5,1,2.0,0,1,,insufficient_data,1,2026-09-26,2026-09-26
7032165966,al_tnw,49,4670,95.3,90,celestial tree,33,17,5,17,3.85,0,7,,stable,15,2026-06-15,2026-09-12
7042640498,oillio34,113,10100,89.4,90,jacaranda fairy,20,17,5,23,11.3,0,16,,stable,8,2026-07-11,2026-09-19
7053938856,jgmn2,3,300,100.0,60,cherry blossom,3,6,0,3,2.62,0,1,,insufficient_data,15,2026-09-04,2026-09-12
7054654900,rafil8,21,2340,111.4,90,snowflake bush,14,13,1,9,13.36,0,4,0.0,increasing,1,2026-09-15,2026-09-26
7061288925,zeinazza,5,660,132.0,120,scarecrow,2,6,1,3,5.0,0,2,,increasing,30,2026-08-24,2026-08-28
7066230222,hts_20038,1,90,90.0,90,rafflesia,1,16,6,1,1.0,1,1,,insufficient_data,0,2026-09-27,2026-09-27
7071943499,iva6l,1,60,60.0,60,blueberry cake,1,5,1,1,1.0,0,1,,insufficient_data,47,2026-08-11,2026-08-11
7072118608,jxcill0,1,180,180.0,180,tangerine tree,1,10,2,1,1.0,0,1,,insufficient_data,39,2026-08-19,2026-08-19
7072867066,iqo9wl,8,630,78.8,90,moon tree,2,13,6,3,4.67,0,1,,increasing,63,2026-07-14,2026-07-26
7073066117,,1,90,90.0,90,star coral,1,13,1,1,1.0,0,1,,insufficient_data,5,2026-09-22,2026-09-22
707785199,aiii31,2,125,62.5,60,golden wings,1,1,5,2,2.0,0,2,,insufficient_data,77,2026-07-11,2026-07-12
7087077982,ievid2,9,960,106.7,120,aqua pearl,7,17,5,5,9.0,0,3,,stable,11,2026-09-10,2026-09-16
7091968424,,2,270,135.0,90,12th anniversary cake tree,2,3,3,2,2.0,0,1,,insufficient_data,98,2026-06-18,2026-06-21
7096119944,wikikipedia,571,36530,64.0,60,white rose,60,17,0,50,37.71,1,13,0.517,increasing,0,2026-06-13,2026-09-27
7096587636,puq_9,8,705,88.1,75,cherry blossom,5,12,4,5,2.95,0,2,,decreasing,2,2026-09-06,2026-09-25
7101284919,mhz2m,3,180,60.0,60,cloud moon tree,3,6,2,3,3.0,0,2,,insufficient_data,66,2026-07-19,2026-07-23
7101306021,iknfc,13,1530,117.7,120,cosmos,6,13,4,7,7.0,0,4,,stable,16,2026-08-29,2026-09-11
7106461769,,7,510,72.9,90,12th anniversary cake tree,6,1,2,2,7.0,0,1,,decreasing,28,2026-08-26,2026-08-30
7112926617,drftii,3,360,120.0,120,carnation,3,2,0,2,3.0,0,1,,insufficient_data,87,2026-06-29,2026-07-02
711646877,Noorrrm,2,120,60.0,60,jacaranda,2,11,6,1,2.0,0,1,,insufficient_data,77,2026-07-12,2026-07-12
7126552833,ubvti,4,330,82.5,90,maple,3,9,5,3,0.31,0,1,,increasing,15,2026-06-15,2026-09-12
712746519,d1fx4,2,240,120.0,120,mooncake tree,1,14,0,1,2.0,0,1,,insufficient_data,20,2026-09-07,2026-09-07
713436298,lxMEMA,1,70,70.0,70,jacaranda fairy,1,15,4,1,1.0,0,1,,insufficient_data,9,2026-09-18,2026-09-18
7135366166,just0lana,6,375,62.5,60,cosmos,4,18,2,6,2.47,0,4,,increasing,1,2026-09-09,2026-09-26
7137614923,melokittyx,7,665,95.0,60,strawberry chiffon cake,5,3,3,5,7.0,0,3,,increasing,4,2026-09-17,2026-09-23
7140146435,Aismeh,1,60,60.0,60,confederate rose,1,12,5,1,1.0,0,1,,insufficient_data,8,2026-09-19,2026-09-19
714063637,aarraamm21,3,160,53.3,60,jacaranda,2,17,5,1,3.0,0,1,,insufficient_data,8,2026-09-19,2026-09-19
7142290965,,20,2100,105.0,120,narcissus,9,10,3,13,5.19,0,5,,stable,4,2026-08-27,2026-09-23
7146286064,Shravani3094,1,60,60.0,60,sacred light tree,1,19,5,1,1.0,0,1,,insufficient_data,78,2026-07-11,2026-07-11
7150174490,Maple_lala,4,320,80.0,120,celestial tree,3,5,6,3,4.0,0,3,,decreasing,77,2026-07-10,2026-07-12
715464439,zlirx,3,390,130.0,180,12th anniversary cake tree,3,13,4,1,3.0,0,1,,insufficient_data,9,2026-09-18,2026-09-18
7158581451,demz199,1,90,90.0,90,sacred light tree,1,22,4,1,1.0,0,1,,insufficient_data,79,2026-07-10,2026-07-10
7163449307,i1z_7l,2,150,75.0,60,azalea,2,14,4,2,2.0,0,1,,insufficient_data,16,2026-09-04,2026-09-11
7170129741,llivq0,5,490,98.0,120,carnation,4,15,3,4,2.69,0,1,,increasing,10,2026-09-04,2026-09-17
717131073,n_2uq,4,480,120.0,120,juliet,1,19,4,2,4.0,0,2,,stable,1,2026-09-25,2026-09-26
7178962959,jojo_026v,7,720,102.9,90,royal poinciana,3,12,1,3,7.0,0,1,0.667,stable,92,2026-06-21,2026-06-27
7190259294,I91616,11,675,61.4,60,cherry blossom,6,15,0,9,2.75,0,2,,increasing,3,2026-08-27,2026-09-24
7190459394,,6,470,78.3,90,maple,3,8,4,5,3.0,0,2,,increasing,2,2026-09-11,2026-09-25
7191280529,salamalabd,2,240,120.0,120,golden wings,2,7,0,2,2.0,0,1,,insufficient_data,95,2026-06-22,2026-06-24
7193148822,Ali_reza_478,1,45,45.0,45,golden wings,1,15,4,1,1.0,0,1,,insufficient_data,79,2026-07-10,2026-07-10
7193643888,na_77l,2,120,60.0,60,azalea,1,12,1,1,2.0,0,1,,insufficient_data,19,2026-09-08,2026-09-08
7205948107,,29,1950,67.2,60,money fortune tree,11,2,4,9,2.21,0,2,,decreasing,1,2026-06-26,2026-09-26
7210467668,,3,270,90.0,90,carnation,1,0,0,1,3.0,0,1,,insufficient_data,69,2026-07-20,2026-07-20
721129428,ialyamama,1,60,60.0,60,snowflake bush,1,13,4,1,1.0,0,1,,insufficient_data,79,2026-07-10,2026-07-10
7215981394,,14,1300,92.9,90,water spirit,11,10,5,10,1.03,0,3,,decreasing,11,2026-06-13,2026-09-16
722379941,,2,160,80.0,80,cedar,2,15,5,1,2.0,0,1,,insufficient_data,71,2026-07-18,2026-07-18
7229863611,rillpx,1,90,90.0,90,wisteria,1,9,1,1,1.0,0,1,,insufficient_data,5,2026-09-22,2026-09-22
7230439264,lliuxaa,1,90,90.0,90,allium,1,12,5,1,1.0,0,1,,insufficient_data,8,2026-09-19,2026-09-19
7231601307,ii0Sy,34,2700,79.4,60,lotus,11,16,0,22,6.61,0,6,,decreasing,3,2026-08-19,2026-09-24
7234077810,DANFES_4,4,420,105.0,120,weeping willow,3,2,6,2,4.0,0,2,,decreasing,77,2026-07-11,2026-07-12
723783559,citlanicue,2,120,60.0,60,blueberry cake,2,8,0,2,2.0,0,1,,insufficient_data,1,2026-09-21,2026-09-26
724457498,Mickey_lucif,1,120,120.0,120,flame bloom,1,15,4,1,1.0,0,1,,insufficient_data,79,2026-07-10,2026-07-10
7249340304,xwv27,25,3690,147.6,180,carnation,10,3,1,10,13.46,0,3,,stable,8,2026-09-06,2026-09-19
7252538296,lusari,1,60,60.0,60,azalea,1,19,0,1,1.0,0,1,,insufficient_data,13,2026-09-14,2026-09-14
7256097515,coming100soon,82,8015,97.7,120,red spider lily,36,13,4,32,15.11,0,16,,increasing,68,2026-06-13,2026-07-21
7262855645,nvl_x,1,120,120.0,120,celestial tree,1,22,6,1,1.0,0,1,,insufficient_data,56,2026-08-02,2026-08-02
7264855278,thecoolest05,2,120,60.0,60,6th anniversary cake tree,2,2,5,2,2.0,0,2,,insufficient_data,105,2026-06-13,2026-06-14
7265217458,yruery,5,450,90.0,60,golden wings,3,21,6,5,3.89,0,4,,decreasing,42,2026-08-07,2026-08-16
7267129095,vxw_1k,5,270,54.0,60,cosmos,3,4,1,3,0.64,0,1,,decreasing,40,2026-06-24,2026-08-18
7267961513,Ahmed_s7,1,120,120.0,120,apple tree,1,5,5,1,1.0,0,1,,insufficient_data,92,2026-06-27,2026-06-27
7272010049,daniafakhri,14,850,60.7,60,moth orchid,9,18,5,7,1.26,0,5,,stable,1,2026-07-10,2026-09-26
729578191,,2,130,65.0,65,blueberry macaron,1,23,5,1,2.0,0,1,,insufficient_data,78,2026-07-11,2026-07-11
7295903709,rem7er5,1,60,60.0,60,statue of tada,1,11,5,1,1.0,0,1,,insufficient_data,8,2026-09-19,2026-09-19
730149753,om_qahat,6,480,80.0,60,ice crystal bloom,5,14,3,4,2.33,0,2,,increasing,1,2026-09-08,2026-09-26
7302706392,lirco8,1,70,70.0,70,unknown,1,12,0,1,1.0,0,1,0.0,insufficient_data,104,2026-06-15,2026-06-15
7303238563,,1,180,180.0,180,cyclamen,1,12,5,1,1.0,0,1,,insufficient_data,29,2026-08-29,2026-08-29
7308463419,iimrudi,25,1630,65.2,60,10th anniversary cake tree,10,14,4,6,9.72,0,4,,stable,1,2026-09-08,2026-09-26
7308542050,lat33n,2,180,90.0,60,azalea,2,16,4,2,2.0,0,2,,insufficient_data,78,2026-07-10,2026-07-11
7309578872,,1,120,120.0,120,plum blossom,1,9,5,1,1.0,0,1,,insufficient_data,78,2026-07-11,2026-07-11
7313236804,Qw_559,1,90,90.0,90,jacaranda,1,6,4,1,1.0,0,1,,insufficient_data,30,2026-08-28,2026-08-28
7315923139,viizt1,90,8355,92.8,95,osmanthus,5,19,2,57,7.24,0,11,,stable,15,2026-06-17,2026-09-12
7318069698,amany7assann,5,450,90.0,60,osmanthus,4,4,3,4,3.5,0,1,,increasing,7,2026-09-10,2026-09-20
7323369148,MalakAlMaaitah,3,180,60.0,60,azalea,2,1,6,1,3.0,0,1,,insufficient_data,77,2026-07-12,2026-07-12
7326231067,clqi1,37,3110,84.1,60,sundae tree,12,14,3,20,6.47,0,6,,stable,5,2026-08-13,2026-09-22
7330070305,Lexusgirl,1,90,90.0,90,cherry blossom,1,1,5,1,1.0,0,1,,insufficient_data,1,2026-09-26,2026-09-26
7331334929,R_iN66,15,1800,120.0,120,cherry blossom,10,13,4,5,8.75,0,2,,stable,93,2026-06-14,2026-06-26
7331421271,Ransy65,15,1140,76.0,60,lover tree,1,20,3,7,4.77,0,2,,decreasing,20,2026-08-16,2026-09-07
7332384312,,12,1320,110.0,60,lover tree,6,10,5,3,12.0,0,3,,increasing,6,2026-09-19,2026-09-21
734071069,giill1_1,10,1250,125.0,90,blueberry cupcake,5,19,5,5,8.75,4,4,,decreasing,0,2026-09-19,2026-09-27
7341462392,,4,230,57.5,60,pink oak tree,4,20,5,4,1.4,0,1,,stable,9,2026-08-29,2026-09-18
734252246,TheSuper_one,1,120,120.0,120,kitty,1,10,5,1,1.0,0,1,,insufficient_data,15,2026-09-12,2026-09-12
7343224828,iwudb1,1,60,60.0,60,cuckoo clock,1,0,6,1,1.0,1,1,,insufficient_data,0,2026-09-27,2026-09-27
7343697926,uii_124,6,570,95.0,95,moth orchid,5,11,0,3,6.0,0,3,,stable,104,2026-06-13,2026-06-15
7359880126,lili27_x,7,690,98.6,120,statue of tada,3,14,2,5,2.13,0,2,,increasing,25,2026-08-10,2026-09-02
736785837,Ayah_Banaja,1,180,180.0,180,ginkgo,1,14,4,1,1.0,0,1,,insufficient_data,9,2026-09-18,2026-09-18
7371330534,zahra14209,106,6640,62.6,60,strawberry cupcake,31,5,3,33,7.13,0,5,0.0,stable,2,2026-06-13,2026-09-25
7373533031,xkxyi,1,90,90.0,90,carnation,1,6,0,1,1.0,0,1,,insufficient_data,20,2026-09-07,2026-09-07
7376493235,Rms_1417,1,150,150.0,150,lavender,1,6,0,1,1.0,0,1,,insufficient_data,69,2026-07-20,2026-07-20
737701681,InsightAe,246,17060,69.3,60,cherry cheese cake,5,6,1,29,17.22,0,6,,stable,5,2026-06-14,2026-09-22
7378484308,i_illir,19,1500,78.9,60,forest spirit,10,15,2,10,2.29,0,6,,decreasing,11,2026-07-20,2026-09-16
7380780997,om_8870,21,1720,81.9,90,purple oak tree,17,10,0,12,4.32,1,2,,increasing,0,2026-08-24,2026-09-27
7382264082,cqlp5,1,60,60.0,60,sunflower,1,13,5,1,1.0,0,1,,insufficient_data,8,2026-09-19,2026-09-19
738483017,i0k_0,1,60,60.0,60,water spirit,1,22,5,1,1.0,0,1,,insufficient_data,78,2026-07-11,2026-07-11
7385523064,,2,240,120.0,120,blueberry cupcake,2,9,0,2,2.0,0,1,,insufficient_data,13,2026-09-11,2026-09-14
738749956,ljilo0,1,90,90.0,90,jacaranda,1,20,1,1,1.0,0,1,,insufficient_data,33,2026-08-25,2026-08-25
7387733190,elililer,1,25,25.0,25,maple,1,18,3,1,1.0,0,1,,insufficient_data,10,2026-09-17,2026-09-17
7390914765,STAAA4R,1,45,45.0,45,strawberry chiffon cake,1,14,1,1,1.0,0,1,,insufficient_data,68,2026-07-21,2026-07-21
739327754,Hajar_13i,3,390,130.0,90,celestial tree,3,13,5,2,1.05,0,1,,insufficient_data,58,2026-07-11,2026-07-31
7398611184,mmsa005,23,1595,69.3,60,confederate rose,15,18,5,14,1.52,1,5,,decreasing,0,2026-06-13,2026-09-27
7399083725,dana2_009,1,180,180.0,180,lotus,1,21,4,1,1.0,0,1,,insufficient_data,37,2026-08-21,2026-08-21
7401617495,Lily_3lla,6,360,60.0,60,coconut tree,6,11,0,2,6.0,0,1,1.0,stable,100,2026-06-15,2026-06-19
7404359068,,2,185,92.5,90,corn poppy,2,20,4,2,0.48,0,1,,insufficient_data,8,2026-08-21,2026-09-19
7406298382,poiiva,191,17080,89.4,90,jacaranda fairy,26,14,1,15,49.52,0,5,0.0,stable,1,2026-08-30,2026-09-26
740760658,lili4i,1,60,60.0,60,persimmon tree,1,10,5,1,1.0,0,1,,insufficient_data,1,2026-09-26,2026-09-26
7409075829,Astar1000,1,90,90.0,90,cedar,1,14,1,1,1.0,0,1,,insufficient_data,19,2026-09-08,2026-09-08
7410638219,ri2xli,3,540,180.0,180,cherry cheese cake,3,9,5,2,3.0,0,2,,insufficient_data,7,2026-09-19,2026-09-20
7411887160,Mom_dhi,48,4750,99.0,120,jacaranda,20,14,3,21,8.62,0,4,,increasing,3,2026-08-16,2026-09-24
7412295868,s_mq12345,2,300,150.0,120,cedar,2,21,1,2,2.0,0,1,,insufficient_data,12,2026-09-11,2026-09-15
7412298619,,2,140,70.0,70,cosmos,2,19,4,1,2.0,0,1,,insufficient_data,79,2026-07-10,2026-07-10
7413155410,lx7720,34,2430,71.5,60,golden wings,6,13,4,19,8.21,0,8,,decreasing,13,2026-08-16,2026-09-14
7416584620,vxcseo,6,645,107.5,60,wishing flower,5,9,4,5,1.31,0,1,,decreasing,2,2026-08-24,2026-09-25
742426806,just_dina2,2,150,75.0,60,sunflower,2,6,4,2,2.0,0,1,,insufficient_data,77,2026-07-10,2026-07-12
743103639,ahadf9,6,930,155.0,180,celestial tree,5,7,0,2,6.0,0,2,,decreasing,6,2026-09-20,2026-09-21
7434171836,M_eng100,34,2505,73.7,60,juliet,19,18,6,18,11.33,2,9,,decreasing,0,2026-09-06,2026-09-27
7435780477,IlUll3,12,1200,100.0,120,unknown,8,23,0,3,12.0,0,3,,stable,102,2026-06-15,2026-06-17
7441793409,M544k,1085,85905,79.2,60,wishing tree,111,17,5,94,71.65,5,24,0.59,stable,0,2026-06-13,2026-09-27
7441973454,j2cr1,47,3100,66.0,60,royal poinciana,22,9,2,20,8.44,0,11,,stable,6,2026-08-13,2026-09-21
7444192695,,32,2150,67.2,60,cosmos,12,20,3,15,10.67,0,5,,stable,44,2026-07-24,2026-08-14
7451497434,,1,90,90.0,90,celestial tree,1,21,4,1,1.0,0,1,,insufficient_data,9,2026-09-18,2026-09-18
7451913633,HO_34,6,600,100.0,60,candy tree,3,13,6,4,3.82,1,2,,stable,0,2026-09-16,2026-09-27
7452585846,,20,1320,66.0,60,bellflower,10,14,1,9,6.67,0,4,,stable,5,2026-09-01,2026-09-22
7453669590,,10,640,64.0,60,pear tree house,7,22,2,7,3.5,0,4,,increasing,7,2026-08-31,2026-09-20
745529040,,1,60,60.0,60,geraniums fairy,1,17,1,1,1.0,0,1,,insufficient_data,12,2026-09-15,2026-09-15
7456180023,Rm80e,1,60,60.0,60,jacaranda,1,11,2,1,1.0,0,1,,insufficient_data,11,2026-09-16,2026-09-16
746391274,lama1sh,7,570,81.4,70,balloon flower,7,2,5,7,1.81,0,3,,stable,2,2026-08-29,2026-09-25
7468297541,j9jy0,5,480,96.0,90,iris,4,9,5,4,0.47,0,2,,decreasing,3,2026-07-11,2026-09-24
7470204555,liecti,3,180,60.0,60,camellia,3,7,5,1,3.0,0,1,,insufficient_data,8,2026-09-19,2026-09-19
747146114,gxjui,5,540,108.0,120,allium,5,2,0,4,3.5,0,2,,decreasing,8,2026-09-09,2026-09-19
7472837208,,1,105,105.0,105,lily flower,1,0,1,1,1.0,0,1,,insufficient_data,5,2026-09-22,2026-09-22
7474188035,iesyama0,7,790,112.9,120,sacred light tree,6,13,6,4,6.12,0,2,,increasing,6,2026-09-13,2026-09-21
7475247120,rk_2oo9,51,4535,88.9,90,wisteria,18,15,6,21,6.49,0,3,,stable,1,2026-08-02,2026-09-26
7479581635,joje_79,17,1020,60.0,60,lemon cake,9,7,1,6,17.0,0,4,,stable,11,2026-09-10,2026-09-16
7483639328,Dr_meme_2009,5,540,108.0,120,plum blossom,3,4,0,4,1.35,0,1,0.5,increasing,78,2026-06-15,2026-07-11
748458534,bayanxii1,2,100,50.0,50,four-leaf clover,2,13,4,2,1.56,0,1,,insufficient_data,14,2026-09-04,2026-09-13
7484669653,oncelifel,1,60,60.0,60,cactus,1,17,0,1,1.0,0,1,,insufficient_data,13,2026-09-14,2026-09-14
7487291074,,3,360,120.0,120,cloud moon tree,2,20,6,2,3.0,0,2,,insufficient_data,7,2026-09-19,2026-09-20
7489051480,lweiqe,1,40,40.0,40,sunflower,1,16,3,1,1.0,0,1,,insufficient_data,10,2026-09-17,2026-09-17
7490918227,roraontop,1,120,120.0,120,twilight guardian,1,17,5,1,1.0,0,1,,insufficient_data,78,2026-07-11,2026-07-11
7494740977,,33,2340,70.9,60,wishing tree,6,18,0,12,8.88,0,4,,stable,16,2026-08-16,2026-09-11
7495577983,slfl7,14,1500,107.1,90,wishing tree,10,16,4,9,4.26,0,6,,increasing,49,2026-07-17,2026-08-09
7497259995,blueberryloly,1,60,60.0,60,narcissus,1,20,1,1,1.0,0,1,,insufficient_data,47,2026-08-11,2026-08-11
7500451108,ibuny,4,310,77.5,60,sunflower,2,8,3,2,1.22,0,1,,increasing,78,2026-06-18,2026-07-11
750122198,Broor021,4,360,90.0,90,blueberry cake,4,3,5,2,4.0,0,2,,stable,77,2026-07-11,2026-07-12
7502836105,RRDDAHY,73,7135,97.7,90,snowflake bush,23,16,1,31,7.51,0,9,,increasing,9,2026-07-12,2026-09-18
7502891514,sa_ma2008,8,720,90.0,90,moth orchid,6,16,2,4,4.0,0,1,,increasing,84,2026-06-21,2026-07-05
7505535969,,8,480,60.0,30,lemon cupcake,2,14,0,3,8.0,0,3,,increasing,25,2026-08-31,2026-09-02
7509038839,SAH_9900,9,565,62.8,60,snowflake bush,3,20,6,5,9.0,0,3,,stable,7,2026-09-13,2026-09-20
7518311471,i4j5i,7,425,60.7,50,monstera,5,16,1,3,7.0,0,3,,increasing,11,2026-09-14,2026-09-16
7521765707,,1,60,60.0,60,lavender,1,21,6,1,1.0,0,1,,insufficient_data,56,2026-08-02,2026-08-02
7522142071,IE_ie08,6,565,94.2,60,black forest cake,6,14,1,5,1.24,0,2,,decreasing,72,2026-06-13,2026-07-17
7525332075,Rrrrmmz,6,695,115.8,120,rose,5,9,1,6,1.08,0,1,,increasing,2,2026-08-17,2026-09-25
7527035608,Has_xc8,53,5495,103.7,120,snowflake bush,10,17,5,20,9.05,4,5,,increasing,0,2026-08-17,2026-09-27
7530374529,ll1vx_0,266,24235,91.1,90,wishing tree,32,17,6,58,17.9,3,16,0.5,increasing,0,2026-06-15,2026-09-27
7534597755,l_mleo793,1,90,90.0,90,plum blossom,1,22,1,1,1.0,0,1,,insufficient_data,75,2026-07-14,2026-07-14
7535177114,jinoiiii,16,1125,70.3,60,royal poinciana,10,19,3,10,1.24,0,3,,increasing,5,2026-06-24,2026-09-22
7536894050,luvercite,5,900,180.0,180,sunflower,2,23,4,3,3.18,0,1,,stable,26,2026-08-21,2026-09-01
7538514324,Anshyb,1,70,70.0,70,bush,1,19,2,1,1.0,0,1,,insufficient_data,67,2026-07-22,2026-07-22
7542403949,ccvscd,8,690,86.2,60,candy tree,5,8,0,4,8.0,0,3,,increasing,1,2026-09-21,2026-09-26
7543165909,Ra6_Rf5,17,1690,99.4,60,allium,12,5,4,12,1.92,3,3,,stable,0,2026-07-27,2026-09-27
7547794522,zu_ae,14,1710,122.1,90,cosmos,9,15,1,10,7.54,0,5,,increasing,72,2026-07-04,2026-07-17
7561247306,T_xillix,18,1870,103.9,120,golden trumpet tree,9,6,6,12,3.07,0,4,,increasing,5,2026-08-12,2026-09-22
7570322734,Hjam_9,18,2010,111.7,120,lily flower,6,3,2,9,6.0,0,4,,stable,18,2026-08-19,2026-09-09
7570597549,shams_shakir8,2,120,60.0,60,cloud moon tree,2,10,6,1,2.0,0,1,,insufficient_data,77,2026-07-12,2026-07-12
7573617046,Qgasaa,1,90,90.0,90,sundae tree,1,1,5,1,1.0,0,1,,insufficient_data,78,2026-07-11,2026-07-11
757592704,CallmeEngnina,3,480,160.0,180,wishing tree,2,4,1,3,2.1,0,1,0.0,insufficient_data,96,2026-06-13,2026-06-23
7576075903,yghfl,4,290,72.5,80,carnation,3,16,4,2,4.0,0,1,,stable,51,2026-08-02,2026-08-07
7579781873,ogg_88,5,880,176.0,180,lily flower,3,10,3,5,1.75,0,1,,stable,3,2026-09-04,2026-09-24
758026870,ivror,13,1350,103.8,60,12th anniversary cake tree,8,15,5,8,0.89,0,2,,increasing,2,2026-06-15,2026-09-25
7581384124,UJlU5,6,545,90.8,90,lotus,2,0,6,4,0.6,0,2,,stable,7,2026-07-12,2026-09-20
758226588,Cozy_Ruby,54,3539,65.5,60,royal poinciana,35,16,5,23,3.6,0,5,0.6,stable,1,2026-06-13,2026-09-26
7583175193,ajn_s17,14,1020,72.9,60,mock orange,9,4,5,8,10.89,4,4,,stable,0,2026-09-18,2026-09-27
7587227992,riiis7,65,7520,115.7,100,celestial tree,25,19,5,20,9.68,0,15,,increasing,2,2026-08-09,2026-09-25
7587488623,,2,360,180.0,180,plum blossom,1,18,3,2,2.0,0,1,,insufficient_data,101,2026-06-13,2026-06-18
7588510801,,3,450,150.0,180,blueberry macaron,3,1,0,3,3.0,0,2,,insufficient_data,26,2026-08-26,2026-09-01
7591077174,Fatoumahhhhh,1,120,120.0,120,cloud moon tree,1,0,1,1,1.0,0,1,,insufficient_data,75,2026-07-14,2026-07-14
7594491808,,1,105,105.0,105,bush,1,11,4,1,1.0,0,1,,insufficient_data,72,2026-07-17,2026-07-17
7598211118,,22,2130,96.8,90,ginkgo,4,0,0,13,5.7,0,3,,increasing,15,2026-08-16,2026-09-12
7600423173,Fcvmlko,3,240,80.0,90,carnation,2,7,0,3,1.62,0,1,,insufficient_data,14,2026-08-31,2026-09-13
7607901960,OR836,16,2025,126.6,120,plum blossom,7,18,0,8,1.27,0,2,,increasing,13,2026-06-18,2026-09-14
760820824,,2,160,80.0,70,sundae tree,2,0,0,1,2.0,0,1,,insufficient_data,55,2026-08-03,2026-08-03
7610578575,Reemy887,152,20380,134.1,180,wishing tree,4,20,2,13,14.38,0,8,0.333,stable,31,2026-06-14,2026-08-27
7611259768,Hoor_26_ya,27,2850,105.6,120,red spider lily,17,16,5,11,5.73,3,3,,stable,0,2026-08-25,2026-09-27
7614127698,,40,3650,91.2,90,twilight guardian,16,13,2,16,6.09,0,8,,stable,9,2026-08-03,2026-09-18
7617039947,yyuvxz,17,1680,98.8,90,starry tree,9,21,4,12,1.17,0,4,1.0,increasing,2,2026-06-15,2026-09-25
7627452866,mary2lil,2,120,60.0,60,azalea,2,2,5,1,2.0,0,1,,insufficient_data,78,2026-07-11,2026-07-11
763011636,,1,120,120.0,120,celestial tree,1,8,3,1,1.0,0,1,,insufficient_data,24,2026-09-03,2026-09-03
7635931468,,2,180,90.0,60,bellflower,2,12,4,2,2.0,0,2,,insufficient_data,78,2026-07-10,2026-07-11
7640582635,hoor_alkahlifah,2,120,60.0,60,forest spirit,1,14,0,1,2.0,0,1,,insufficient_data,20,2026-09-07,2026-09-07
7640782647,riiiriyy,12,720,60.0,60,osmanthus,9,22,6,5,12.0,0,4,,stable,9,2026-09-13,2026-09-18
764187706,lovelyhyo,2,120,60.0,60,cosmos,1,13,4,2,2.0,0,2,,insufficient_data,1,2026-09-25,2026-09-26
7648530357,gha0li,2,200,100.0,80,octopus,1,9,5,1,2.0,0,1,,insufficient_data,1,2026-09-26,2026-09-26
7650709839,Dlil21,2,240,120.0,60,forest spirit,1,7,0,2,1.08,1,1,,insufficient_data,0,2026-09-14,2026-09-27
7653460114,re0928,3,260,86.7,50,jacaranda,2,9,6,2,3.0,0,1,,insufficient_data,77,2026-07-10,2026-07-12
7654010630,all_86,5,405,81.0,90,lily flower,2,8,0,4,3.5,0,2,,stable,3,2026-09-14,2026-09-24
7654561049,,2,90,45.0,45,plum blossom,1,22,5,1,2.0,0,1,,insufficient_data,78,2026-07-11,2026-07-11
765667845,ghadeiv,17,960,56.5,60,sundae tree,13,16,2,6,17.0,0,4,,stable,20,2026-09-01,2026-09-07
766501909,ii2004a,9,930,103.3,90,plum blossom,8,14,0,6,4.85,0,3,,stable,7,2026-09-07,2026-09-20
767187278,N09ir,1,90,90.0,90,purple oak tree,1,8,1,1,1.0,0,1,,insufficient_data,103,2026-06-16,2026-06-16
7674420180,kfupmeng,1,90,90.0,90,lavender,1,22,4,1,1.0,0,1,,insufficient_data,72,2026-07-17,2026-07-17
767940635,,1,120,120.0,120,choco chip cupcake,1,18,5,1,1.0,0,1,,insufficient_data,78,2026-07-11,2026-07-11
7686677089,engxdrt,3,200,66.7,60,lily flower,2,9,1,2,2.33,0,1,,insufficient_data,12,2026-09-06,2026-09-15
7687016279,obvvvhknvccfjjmm,1,120,120.0,120,juniper,1,11,5,1,1.0,0,1,,insufficient_data,78,2026-07-11,2026-07-11
7692012664,hardtoolove,17,1110,65.3,60,epiphyllum,14,22,1,8,2.09,0,3,,stable,47,2026-06-15,2026-08-11
7694463635,Dangtan050,5,330,66.0,60,blueberry cupcake,5,3,4,4,5.0,0,4,,increasing,97,2026-06-19,2026-06-22
7711831283,wznit,3,360,120.0,60,dahlia,3,0,1,3,0.72,0,1,,insufficient_data,4,2026-08-25,2026-09-23
7714608905,luwz7,3,240,80.0,60,strawberry chiffon cake,3,17,5,1,3.0,0,1,,insufficient_data,1,2026-09-26,2026-09-26
7716436324,kyrozaa,4,300,75.0,60,forest spirit,4,10,4,2,2.15,0,1,,increasing,72,2026-07-04,2026-07-17
7716515534,mari2020am,2,210,105.0,90,citrus macaron,2,5,1,2,0.54,1,1,,insufficient_data,0,2026-09-01,2026-09-27
7720668683,xj5II,14,1140,81.4,60,balloon flower,12,21,2,6,2.33,0,2,,increasing,32,2026-07-15,2026-08-26
7720969254,La_yn24,1,75,75.0,75,candy tree,1,9,4,1,1.0,0,1,,insufficient_data,16,2026-09-11,2026-09-11
7721716954,Hoor_09,26,2835,109.0,120,geraniums fairy,15,13,4,17,4.67,0,8,,decreasing,2,2026-08-17,2026-09-25
7723000087,caynoe,22,2580,117.3,120,christmas tree,16,22,4,14,5.92,0,6,,stable,4,2026-08-28,2026-09-23
7727292204,ixixi74,4,360,90.0,60,wisteria,3,19,5,3,4.0,0,2,,stable,3,2026-09-18,2026-09-24
7730297188,meanttobenurse,9,925,102.8,90,water spirit,8,13,3,5,3.94,1,2,,increasing,0,2026-09-11,2026-09-27
7731153411,Naitgh,1,90,90.0,90,plum blossom,1,13,1,1,1.0,0,1,,insufficient_data,5,2026-09-22,2026-09-22
773361379,Reem11n,3,330,110.0,120,celestial tree,2,12,4,2,3.0,0,2,,insufficient_data,78,2026-07-10,2026-07-11
7734689538,mzx_c4,22,1585,72.0,90,golden trumpet tree,2,10,2,11,8.11,0,4,,increasing,15,2026-08-24,2026-09-12
7737105756,blackpinkio67,1,60,60.0,60,lover tree,1,7,3,1,1.0,0,1,,insufficient_data,59,2026-07-30,2026-07-30
7743124565,Runii237,1,90,90.0,90,plum blossom,1,11,4,1,1.0,0,1,,insufficient_data,93,2026-06-26,2026-06-26
7744400743,lujai_1429,1,90,90.0,90,royal poinciana,1,16,5,1,1.0,0,1,,insufficient_data,22,2026-09-05,2026-09-05
774500082,deerlily,1,60,60.0,60,ginkgo,1,11,2,1,1.0,0,1,,insufficient_data,18,2026-09-09,2026-09-09
7748937124,elan_966,12,1140,95.0,90,blueberry macaron,8,14,0,6,10.5,0,3,,increasing,12,2026-09-07,2026-09-15
775155921,rawanfm1,1,75,75.0,75,cherry blossom,1,7,0,1,1.0,0,1,,insufficient_data,13,2026-09-14,2026-09-14
7760731296,Ioly_005,39,4290,110.0,60,blueberry cupcake,17,14,0,20,3.55,0,3,,decreasing,1,2026-07-11,2026-09-26
7763250209,la_ii2,1,70,70.0,70,jacaranda,1,17,4,1,1.0,0,1,,insufficient_data,16,2026-09-11,2026-09-11
776654731,milenapaniz,69,2590,37.5,30,cloud moon tree,18,12,0,32,4.64,3,5,,stable,0,2026-06-15,2026-09-27
7768580960,NNIJ1010Q0Q,6,600,100.0,90,pumpkin,4,18,2,3,6.0,0,1,,decreasing,95,2026-06-19,2026-06-24
7768641029,a_ro_ra,4,315,78.8,90,plum blossom,2,4,0,4,3.11,0,2,0.0,increasing,39,2026-08-10,2026-08-19
7769121217,bmr177,1,90,90.0,90,star coral,1,15,5,1,1.0,0,1,,insufficient_data,92,2026-06-27,2026-06-27
777323872,air_1f,4,217,54.2,2,dancing lady orchid,4,14,6,2,4.0,0,2,,decreasing,105,2026-06-13,2026-06-14
777367897,i08111,5,330,66.0,60,red spider lily,2,16,1,3,5.0,0,2,,increasing,22,2026-09-01,2026-09-05
7777629490,myusernameisstrawberry,12,1050,87.5,90,snowdrop,3,17,5,5,4.94,0,2,,increasing,8,2026-09-02,2026-09-19
7779120017,rymm_67,13,1555,119.6,120,maple,4,18,0,6,8.27,0,3,,increasing,94,2026-06-14,2026-06-25
7779636579,tekken27,1,90,90.0,90,jacaranda,1,15,2,1,1.0,0,1,,insufficient_data,102,2026-06-17,2026-06-17
7781033646,Ouj_x,53,3190,60.2,60,bellflower,25,16,6,10,15.46,0,8,,stable,2,2026-09-01,2026-09-25
7782284388,,37,4925,133.1,120,unicorn tree,14,13,5,16,2.47,0,3,,decreasing,1,2026-06-13,2026-09-26
778348549,,4,270,67.5,60,rose,2,0,2,2,4.0,0,2,,decreasing,102,2026-06-16,2026-06-17
7783906752,,2,140,70.0,70,juliet,1,22,1,1,2.0,0,1,,insufficient_data,19,2026-09-08,2026-09-08
7797425515,,1,120,120.0,120,four-leaf clover,1,6,6,1,1.0,0,1,,insufficient_data,77,2026-07-12,2026-07-12
7798143772,Lana8Nasha,2,150,75.0,60,flaming katy,2,14,2,2,0.29,0,1,0.5,insufficient_data,46,2026-06-25,2026-08-12
7799136702,,1,90,90.0,90,sunflower,1,13,4,1,1.0,0,1,,insufficient_data,79,2026-07-10,2026-07-10
780188210,ww70w,4,630,157.5,180,choco marshmallow tree,3,16,4,3,1.08,0,1,,decreasing,10,2026-08-22,2026-09-17
7803219811,x00055x,92,8930,97.1,100,strawberry macaron,25,8,6,29,6.13,4,11,0.0,decreasing,0,2026-06-14,2026-09-27
7807430909,Iuxlli7,18,1060,58.9,60,muscat macaron,11,16,0,8,6.0,0,2,,stable,4,2026-09-02,2026-09-23
7809145682,drfirstgen,8,660,82.5,60,allium,5,9,4,4,3.73,0,3,,decreasing,8,2026-09-04,2026-09-19
7811258341,rmey00,14,990,70.7,60,bird of paradise,10,11,6,8,2.97,0,2,,increasing,68,2026-06-18,2026-07-21
7812670786,ul7l6,24,2035,84.8,70,lotus,6,19,0,9,3.91,0,4,0.0,increasing,24,2026-07-22,2026-09-03
781731613,ulllrn,2,120,60.0,60,cherry blossom,2,4,6,1,2.0,1,1,,insufficient_data,0,2026-09-27,2026-09-27
7821133267,Retardmaxerr,11,865,78.6,90,plum blossom,3,5,1,7,7.7,0,3,,stable,95,2026-06-14,2026-06-24
7823114077,o45n_y,11,750,68.2,60,rafflesia,5,1,5,6,2.66,0,3,,increasing,4,2026-08-25,2026-09-23
7835788509,Raseelii,1,60,60.0,60,carnation,1,11,4,1,1.0,0,1,,insufficient_data,9,2026-09-18,2026-09-18
783806419,Honkh19,17,800,47.1,30,sunflower,13,14,2,10,3.97,0,2,0.5,stable,72,2026-06-17,2026-07-17
7840665157,ci7iil,69,4480,64.9,60,weeping willow,17,16,5,10,34.5,0,4,,decreasing,3,2026-09-10,2026-09-24
7848412132,malwarism,3,330,110.0,60,cloud moon tree,2,4,0,3,3.0,0,1,,insufficient_data,11,2026-09-12,2026-09-16
7848998880,R6174R,12,1140,95.0,120,water spirit,6,7,5,7,1.06,0,3,,increasing,26,2026-06-14,2026-09-01
784936055,oool91,3,210,70.0,60,balloon flower,2,10,5,2,0.3,0,1,,insufficient_data,8,2026-07-11,2026-09-19
7850659683,xjn_m77,7,345,49.3,50,cedar,3,5,5,3,6.12,1,1,,stable,0,2026-09-19,2026-09-27
7856614999,tilrwe,11,865,78.6,90,azalea,6,12,5,3,11.0,0,3,,increasing,27,2026-08-29,2026-08-31
7859968325,Khaled_Civil,19,2040,107.4,120,royal poinciana,3,19,6,8,7.0,0,3,,stable,6,2026-09-02,2026-09-21
7865095382,,4,430,107.5,50,strawberry chiffon cake,3,10,0,3,0.47,0,2,,decreasing,20,2026-07-10,2026-09-07
786579001,bishtty,4,240,60.0,60,balloon flower,2,7,5,3,4.0,0,2,,stable,15,2026-09-05,2026-09-12
7868448958,Relenoo,10,960,96.0,90,geraniums fairy,5,12,5,7,2.06,0,3,,increasing,70,2026-06-15,2026-07-19
787400841,reemalkhaldi1,1,120,120.0,120,cherry blossom,1,17,4,1,1.0,0,1,,insufficient_data,79,2026-07-10,2026-07-10
7877315288,la_5xr,1,90,90.0,90,blueberry cupcake,1,16,4,1,1.0,0,1,,insufficient_data,30,2026-08-28,2026-08-28
7877741772,l0l0_18,1,60,60.0,60,carnation,1,16,6,1,1.0,0,1,,insufficient_data,77,2026-07-12,2026-07-12
7878330154,,8,585,73.1,60,wisteria,7,18,1,5,4.0,0,1,,stable,86,2026-06-19,2026-07-03
788049883,ROSHIMX,1,60,60.0,60,plum blossom,1,16,4,1,1.0,0,1,,insufficient_data,79,2026-07-10,2026-07-10
7881654654,awjxc,2,180,90.0,90,wishing tree,1,14,1,2,1.27,0,1,,insufficient_data,29,2026-08-18,2026-08-29
7882890181,uui_rl,18,2760,153.3,180,jacaranda,3,18,4,7,12.6,3,3,,stable,0,2026-09-17,2026-09-27
7883475085,Superrrrgirll,3,330,110.0,60,black forest cake,3,0,6,2,0.22,0,1,0.5,insufficient_data,8,2026-06-14,2026-09-19
7884443724,RA7AR,36,2700,75.0,90,apricot tree,14,7,5,20,3.45,2,3,1.0,increasing,0,2026-07-16,2026-09-27
7889099031,Qlsjasm12,1,60,60.0,60,unicorn tree,1,9,0,1,1.0,0,1,,insufficient_data,90,2026-06-29,2026-06-29
7889275923,raaxllr,49,4290,87.6,90,snowflake bush,13,17,0,23,3.3,0,4,0.0,stable,2,2026-06-13,2026-09-25
7891381191,,4,375,93.8,60,forest spirit,3,11,4,2,4.0,0,2,,stable,78,2026-07-10,2026-07-11
7901240338,L8ari,34,2020,59.4,60,lemon cake,15,20,5,11,11.33,0,4,,stable,1,2026-09-05,2026-09-26
7906252713,Lab621,22,1905,86.6,60,cherry cheese cake,16,14,3,15,2.48,0,3,,stable,1,2026-07-26,2026-09-26
790625940,eri7v1,11,710,64.5,60,confederate rose,9,15,4,6,3.35,0,2,,increasing,15,2026-08-20,2026-09-12
7910549668,ileriu,1,60,60.0,60,cosmos,1,10,5,1,1.0,0,1,,insufficient_data,29,2026-08-29,2026-08-29
7914471492,leatrisetestbot,12,902,75.2,60,unknown,8,8,2,4,1.4,0,1,,decreasing,40,2026-06-19,2026-08-18
7915109034,Bella_208,3,180,60.0,60,strawberry macaron,2,20,1,1,3.0,0,1,,insufficient_data,12,2026-09-15,2026-09-15
7916144573,wa20ll,1,60,60.0,60,wishing tree,1,6,0,1,1.0,0,1,,insufficient_data,104,2026-06-15,2026-06-15
7917022852,q_18nj,2,240,120.0,120,monstera,1,15,6,1,2.0,0,1,0.0,insufficient_data,91,2026-06-28,2026-06-28
7932323650,jawil7,1,80,80.0,80,blue flower,1,10,6,1,1.0,0,1,,insufficient_data,98,2026-06-21,2026-06-21
7934093935,faiilnb,1,100,100.0,100,camellia,1,22,4,1,1.0,0,1,,insufficient_data,16,2026-09-11,2026-09-11
7934185479,eu_eas,3,175,58.3,25,lotus,2,11,0,3,3.0,0,2,,insufficient_data,3,2026-09-20,2026-09-24
793552933,,1,120,120.0,120,monstera,1,6,0,1,1.0,0,1,,insufficient_data,69,2026-07-20,2026-07-20
7936744614,acherlux,3,210,70.0,60,dusty miller,2,0,6,2,3.0,0,2,,insufficient_data,77,2026-07-11,2026-07-12
7938549545,bemercifull,3,360,120.0,120,mooncake tree,3,17,4,1,3.0,0,1,,insufficient_data,79,2026-07-10,2026-07-10
7941906835,vxilly8,23,1440,62.6,60,confederate rose,14,18,2,4,23.0,0,3,,stable,81,2026-07-04,2026-07-08
794611095,s00_0,7,870,124.3,90,cherry blossom,4,16,6,4,2.88,0,1,,decreasing,7,2026-09-03,2026-09-20
7946927048,AMWRH22,14,1410,100.7,90,allium,4,3,6,7,14.0,5,5,,increasing,0,2026-09-20,2026-09-27
796120797,uj_mu,5,450,90.0,90,lily flower,3,0,5,4,2.5,0,1,,stable,1,2026-09-12,2026-09-26
7961895010,maryymoonlight,85,8700,102.4,90,twilight guardian,28,11,3,14,11.23,0,5,1.0,decreasing,1,2026-08-04,2026-09-26
7962941187,l9lowl,1,60,60.0,60,bear's paw,1,14,4,1,1.0,0,1,,insufficient_data,79,2026-07-10,2026-07-10
7965506991,Englayan,13,990,76.2,60,moth orchid,4,3,5,10,4.33,0,6,,increasing,1,2026-09-05,2026-09-26
796797781,lulh24,7,440,62.9,60,lantern flower,4,15,6,6,2.33,1,2,,decreasing,0,2026-09-06,2026-09-27
7969321480,F1Lt1,1,60,60.0,60,lotus,1,16,3,1,1.0,0,1,,insufficient_data,10,2026-09-17,2026-09-17
7969836436,oa0000a,108,8245,76.3,60,dancing lady orchid,46,12,5,46,7.2,0,10,0.0,stable,1,2026-06-13,2026-09-26
7971593222,Xsjj_1,4,390,97.5,120,cloud moon tree,4,10,1,3,2.8,0,1,,decreasing,5,2026-09-12,2026-09-22
7973159904,Meemm900,26,2440,93.8,60,geraniums,13,23,6,14,2.0,0,3,,decreasing,4,2026-06-24,2026-09-23
7975246555,acramen143,1,70,70.0,70,maple,1,1,1,1,1.0,0,1,,insufficient_data,103,2026-06-16,2026-06-16
7975347730,,27,1725,63.9,60,maple,7,5,0,11,8.59,0,4,,increasing,2,2026-09-03,2026-09-25
797692051,elien_iy,2,270,135.0,90,blueberry cake,2,2,3,1,2.0,0,1,,insufficient_data,101,2026-06-18,2026-06-18
7978997821,i3k4i,2,100,50.0,50,monstera,1,3,2,1,2.0,0,1,,insufficient_data,46,2026-08-12,2026-08-12
7980529581,SOora_x,1,60,60.0,60,lotus,1,14,2,1,1.0,0,1,,insufficient_data,74,2026-07-15,2026-07-15
7985882546,siebhb,2,90,45.0,45,strawberry chiffon cake,1,11,5,2,2.0,0,2,,insufficient_data,105,2026-06-13,2026-06-14
798711074,soullva,22,2065,93.9,90,wishing tree,10,21,0,11,3.28,0,3,,decreasing,5,2026-08-06,2026-09-22
7987307919,Dr_sh201,31,4980,160.6,180,lotus,10,6,1,8,7.0,0,6,,stable,46,2026-07-12,2026-08-12
798736300,zl50_2,1,90,90.0,90,matcha cupcake,1,14,5,1,1.0,0,1,,insufficient_data,8,2026-09-19,2026-09-19
7988716753,Phoenix_arizona_01,1,60,60.0,60,9th anniversary cake tree,1,13,5,1,1.0,0,1,,insufficient_data,78,2026-07-11,2026-07-11
7999994188,idkmayberee,4,240,60.0,60,wishing tree,3,16,3,1,4.0,0,1,,stable,3,2026-09-24,2026-09-24
8001307056,,1,60,60.0,60,water spirit,1,19,4,1,1.0,0,1,,insufficient_data,9,2026-09-18,2026-09-18
8006594968,Jf_1e,89,8365,94.0,90,snowflake bush,26,10,0,36,6.7,0,5,,increasing,11,2026-06-15,2026-09-16
8008003238,Antigen_AE,16,1440,90.0,90,pink rose,1,0,2,3,4.31,0,1,0.0,stable,67,2026-06-26,2026-07-22
8009870313,jwairs,22,1745,79.3,60,blueberry cupcake,10,14,4,11,6.7,0,7,,increasing,10,2026-08-25,2026-09-17
8012026449,i2ii_t,6,700,116.7,120,camellia,6,13,5,2,6.0,2,2,,stable,0,2026-09-26,2026-09-27
8015614283,uoi_1q,3,350,116.7,120,carnation,1,6,0,2,3.0,0,1,,insufficient_data,13,2026-09-08,2026-09-14
8018620037,yf_001,3,310,103.3,90,cedar,3,6,2,2,3.0,0,2,,insufficient_data,17,2026-09-09,2026-09-10
8021263933,q51ii12,5,300,60.0,50,wisteria,2,4,6,4,5.0,0,2,,stable,13,2026-09-08,2026-09-14
8024217702,,1,90,90.0,90,twilight guardian,1,4,6,1,1.0,0,1,,insufficient_data,77,2026-07-12,2026-07-12
8035433677,,11,640,58.2,45,royal poinciana,7,13,1,7,4.05,3,3,,increasing,0,2026-09-08,2026-09-27
8041075106,,10,1100,110.0,120,wishing tree,7,0,5,6,3.04,3,3,,stable,0,2026-09-04,2026-09-27
804782792,,9,560,62.2,60,allium,4,14,3,7,0.66,0,3,,stable,2,2026-06-21,2026-09-25
8050189029,Z_55579,1,120,120.0,120,bald cypress,1,13,5,1,1.0,0,1,,insufficient_data,1,2026-09-26,2026-09-26
8061603842,,3,270,90.0,90,cosmos,3,8,5,1,3.0,0,1,,insufficient_data,78,2026-07-11,2026-07-11
8063374142,Kebda_26,5,600,120.0,120,moon tree,4,3,6,2,5.0,0,2,,stable,104,2026-06-14,2026-06-15
8064194478,soosi0i,7,1080,154.3,180,lover tree,5,2,0,5,7.0,0,5,,increasing,31,2026-08-23,2026-08-27
8068182383,cockatoo50,3,300,100.0,100,starburst tree,1,17,2,1,3.0,0,1,,insufficient_data,88,2026-07-01,2026-07-01
806871629,,5,345,69.0,60,star coral,2,13,0,4,2.33,0,2,,increasing,12,2026-08-31,2026-09-15
8070099402,,2,120,60.0,60,starry tree,2,7,0,2,1.75,0,1,,insufficient_data,41,2026-08-09,2026-08-17
807090714,xmar52,35,2110,60.3,60,azalea,23,17,2,9,17.5,1,4,,stable,0,2026-09-13,2026-09-27
8071452541,lkilfl,20,2015,100.8,80,bush,7,5,2,9,3.78,0,2,,increasing,31,2026-07-21,2026-08-27
807395262,Fperson7,3,360,120.0,60,purple oak tree,2,13,1,3,1.4,0,2,,insufficient_data,26,2026-08-17,2026-09-01
8075148238,wvcca,19,1470,77.4,60,apricot tree,11,12,3,12,4.43,1,3,,increasing,0,2026-08-28,2026-09-27
807933160,ttdr7,3,250,83.3,90,cherry blossom,1,0,5,2,0.88,0,1,,insufficient_data,12,2026-08-22,2026-09-15
8079527207,mwl088,31,2160,69.7,60,water spirit,8,16,1,6,31.0,6,6,,increasing,0,2026-09-22,2026-09-27
8079913751,Joyy_iu,3,240,80.0,90,lotus,3,16,4,2,2.33,1,1,,insufficient_data,0,2026-09-18,2026-09-27
8084892367,Jori786,1,60,60.0,60,candy tree,1,12,4,1,1.0,0,1,,insufficient_data,37,2026-08-21,2026-08-21
8087913749,llioppy,11,1490,135.5,180,strawberry cupcake,7,18,4,8,1.0,0,3,,increasing,9,2026-07-03,2026-09-18
8093576282,hhhhj818,123,12780,103.9,120,jacaranda,8,14,1,41,13.67,0,13,0.0,stable,8,2026-07-18,2026-09-19
8095334058,,1,65,65.0,65,balloon flower,1,16,3,1,1.0,0,1,,insufficient_data,45,2026-08-13,2026-08-13
8096410173,Mash_el12,27,2550,94.4,90,blueberry cake,12,5,3,11,5.91,0,2,,decreasing,15,2026-08-11,2026-09-12
809844519,Asz201,60,3450,57.5,50,sunflower,12,17,1,20,4.47,3,6,,increasing,0,2026-06-25,2026-09-27
8099283673,,5,570,114.0,120,10th anniversary cake tree,3,3,0,2,5.0,0,2,,increasing,76,2026-07-12,2026-07-13
8101296416,,5,420,84.0,60,golden trumpet tree,5,7,2,4,5.0,0,3,,increasing,28,2026-08-26,2026-08-30
8104584861,wfcxq,10,810,81.0,50,forest spirit,5,12,1,8,3.18,0,3,,stable,2,2026-09-03,2026-09-25
8108624946,xj44g,4,360,90.0,40,cedar,4,10,3,3,1.87,0,2,,decreasing,9,2026-09-03,2026-09-18
8114107991,Sinaclk,38,2800,73.7,90,four-leaf clover,27,10,2,13,14.0,0,4,,stable,87,2026-06-13,2026-07-02
8114242279,veclily,8,470,58.8,60,ginkgo,7,14,3,6,1.47,0,2,,decreasing,41,2026-07-10,2026-08-17
811823430,adwaaZH,1,60,60.0,60,citrus macaron,1,3,5,1,1.0,0,1,,insufficient_data,22,2026-09-05,2026-09-05
811922966,saudinachos,1,60,60.0,60,tangerine tree,1,15,5,1,1.0,0,1,,insufficient_data,50,2026-08-08,2026-08-08
8124249244,OneDay900,58,4560,78.6,90,coffee macaron,20,18,4,19,4.14,0,5,,stable,2,2026-06-19,2026-09-25
8126065626,linaalas,1,60,60.0,60,tangerine tree,1,17,4,1,1.0,0,1,,insufficient_data,9,2026-09-18,2026-09-18
8126712344,,4,300,75.0,60,wisteria,3,0,4,3,4.0,0,2,,increasing,25,2026-08-28,2026-09-02
8127154937,,9,1140,126.7,120,maple,1,18,2,6,3.5,0,2,,stable,23,2026-08-17,2026-09-04
8128718397,siivlo,3,270,90.0,60,lantern flower,2,7,0,3,0.39,0,1,,insufficient_data,8,2026-07-27,2026-09-19
8128780697,,1,80,80.0,80,mushroom,1,22,0,1,1.0,0,1,,insufficient_data,13,2026-09-14,2026-09-14
813020035,f12349395,5,600,120.0,120,celestial tree,2,4,1,1,5.0,0,1,,stable,5,2026-09-22,2026-09-22
8132502609,fghhikyyy,23,3000,130.4,120,chocolate strawberry cake,8,17,3,11,5.19,0,4,,increasing,35,2026-07-23,2026-08-23
8139459288,ooo_097,2,180,90.0,90,mooncake tree,1,15,5,1,2.0,0,1,,insufficient_data,1,2026-09-26,2026-09-26
8142502729,ais_129,1,180,180.0,180,lavender,1,12,4,1,1.0,0,1,,insufficient_data,2,2026-09-25,2026-09-25
8146367102,Mansourira,2,270,135.0,90,plumeria,2,12,0,2,1.27,0,1,,insufficient_data,30,2026-08-17,2026-08-28
8148818367,DR_550,3,110,36.7,35,scarecrow,2,0,2,2,0.7,0,1,,insufficient_data,4,2026-08-24,2026-09-23
8150958929,hooryk29,21,1810,86.2,90,jacaranda,12,15,5,10,3.97,0,3,1.0,stable,62,2026-06-20,2026-07-27
8151284755,alaa_maher,4,480,120.0,120,sunflower,2,17,4,2,4.0,0,1,,stable,77,2026-07-10,2026-07-12
815778718,fatimah_033,8,435,54.4,90,sundae tree,5,11,3,6,3.29,0,2,,increasing,22,2026-08-19,2026-09-05
8158343290,Dooooc88,1,60,60.0,60,hyacinth,1,14,6,1,1.0,0,1,,insufficient_data,7,2026-09-20,2026-09-20
8168776586,vcrrm,1,60,60.0,60,carnation,1,16,0,1,1.0,0,1,,insufficient_data,6,2026-09-21,2026-09-21
816999313,Gbrap,11,1350,122.7,120,blue oak tree,8,13,0,10,3.5,0,3,,stable,13,2026-08-23,2026-09-14
8172922172,lim10ll,1,60,60.0,60,monstera,1,10,5,1,1.0,0,1,,insufficient_data,8,2026-09-19,2026-09-19
8175782789,,3,270,90.0,90,carnation,2,14,3,2,0.29,0,1,,insufficient_data,24,2026-06-23,2026-09-03
8177076494,xzcu3,10,780,78.0,60,golden wings,8,16,2,8,0.96,0,3,,stable,5,2026-07-11,2026-09-22
817978064,clrr8,2,240,120.0,120,celestial tree,1,12,0,1,2.0,0,1,,insufficient_data,20,2026-09-07,2026-09-07
8180959680,rri3ii3,22,1305,59.3,60,plum blossom,3,14,1,4,22.0,0,4,,stable,30,2026-08-25,2026-08-28
8183933044,rev8ij,2,270,135.0,90,camellia,2,2,1,2,0.37,0,1,,insufficient_data,2,2026-08-18,2026-09-25
8186750122,fw1_q,3,160,53.3,60,forest spirit,3,15,2,3,1.5,0,1,,insufficient_data,11,2026-09-02,2026-09-16
8189691568,itsllz,48,5025,104.7,90,golden trumpet tree,20,6,0,21,4.15,0,5,0.0,decreasing,23,2026-06-15,2026-09-04
8190727439,,1,120,120.0,120,coconut tree,1,16,3,1,1.0,0,1,,insufficient_data,24,2026-09-03,2026-09-03
8191530153,xlik0,1,60,60.0,60,lavender,1,0,5,1,1.0,0,1,,insufficient_data,71,2026-07-18,2026-07-18
8191945229,jlliu7,8,840,105.0,120,golden wings,2,5,4,3,8.0,0,3,,stable,77,2026-07-10,2026-07-12
8201008204,Frsin_6,2,240,120.0,120,cherry blossom,1,1,0,1,2.0,0,1,,insufficient_data,97,2026-06-22,2026-06-22
8202097265,lio0ki,2,180,90.0,90,four-leaf clover,2,17,1,2,2.0,0,2,,insufficient_data,18,2026-09-08,2026-09-09
8204176995,aiq1r,10,790,79.0,90,lotus,9,14,6,9,2.41,0,5,,stable,38,2026-07-22,2026-08-20
8208405495,ri_fn5,21,2070,98.6,90,wishing tree,16,14,6,8,1.53,0,3,,decreasing,1,2026-06-22,2026-09-26
8212039192,,1,90,90.0,90,four-leaf clover,1,18,6,1,1.0,0,1,,insufficient_data,98,2026-06-21,2026-06-21
8214372065,goata27,2,165,82.5,70,lover tree,1,8,4,2,0.93,0,1,,insufficient_data,1,2026-09-11,2026-09-26
8215495422,ree_m50,27,2430,90.0,60,carnation,5,5,2,19,2.28,0,5,,stable,8,2026-06-28,2026-09-19
8217095328,,1,120,120.0,120,lover tree,1,10,2,1,1.0,0,1,,insufficient_data,11,2026-09-16,2026-09-16
8218158857,Dr_Who11,111,9880,89.0,90,lantern flower,28,17,1,39,12.33,1,7,,stable,0,2026-07-26,2026-09-27
8222559534,,15,1455,97.0,120,ice crystal bloom,5,14,1,6,9.55,0,4,,increasing,2,2026-09-14,2026-09-25
8223894378,,1,90,90.0,90,lavender,1,15,6,1,1.0,0,1,,insufficient_data,70,2026-07-19,2026-07-19
8225169046,,3,300,100.0,90,azalea,3,0,4,3,3.0,0,3,,insufficient_data,77,2026-07-10,2026-07-12
8230417418,g_5ck7,1,125,125.0,125,strawberry chiffon cake,1,14,5,1,1.0,0,1,,insufficient_data,1,2026-09-26,2026-09-26
8232295566,lifeisnotgood911,2,180,90.0,90,flaming katy,2,4,0,1,2.0,0,1,0.5,insufficient_data,83,2026-07-06,2026-07-06
8232710504,imramua,12,1530,127.5,180,carnation,6,23,0,7,12.0,0,7,,increasing,1,2026-09-20,2026-09-26
8233205766,nbsqs2,2,130,65.0,60,bear's paw,2,4,0,1,2.0,0,1,,insufficient_data,62,2026-07-27,2026-07-27
8237869060,norr70,3,360,120.0,120,monstera,2,0,6,2,3.0,0,2,,insufficient_data,70,2026-07-18,2026-07-19
8238883116,Deemh988,4,510,127.5,120,narcissus,4,11,1,4,0.7,1,1,,decreasing,0,2026-08-18,2026-09-27
824032053,ksa123777,18,1870,103.9,90,jacaranda,12,13,2,8,4.67,0,3,,increasing,39,2026-07-23,2026-08-19
8240612737,a7_77m,128,11970,93.5,90,ice crystal bloom,52,18,5,31,11.49,11,11,,stable,0,2026-07-11,2026-09-27
8242785910,v8lix,2,120,60.0,60,confederate rose,2,9,4,2,2.0,0,2,,insufficient_data,8,2026-09-18,2026-09-19
8247577113,,1,60,60.0,60,wishing tree,1,16,4,1,1.0,0,1,,insufficient_data,79,2026-07-10,2026-07-10
8248426255,ii7ala,1,60,60.0,60,doggo tree,1,9,5,1,1.0,0,1,,insufficient_data,8,2026-09-19,2026-09-19
825996656,rrr_231,1,50,50.0,50,golden trumpet tree,1,0,5,1,1.0,0,1,,insufficient_data,78,2026-07-11,2026-07-11
8260010832,yoqff7,1,60,60.0,60,lemon cake,1,12,4,1,1.0,0,1,,insufficient_data,16,2026-09-11,2026-09-11
8261047207,,22,2130,96.8,90,aqua pearl,19,9,2,5,15.4,0,2,0.0,stable,95,2026-06-14,2026-06-24
8262745188,Colemademedoit,28,2355,84.1,90,golden trumpet tree,8,4,5,18,3.7,0,7,,increasing,53,2026-06-13,2026-08-05
826288698,o11aaa,11,750,68.2,60,candy tree,3,15,2,6,4.81,0,3,,stable,2,2026-09-09,2026-09-25
8263213490,realamr1,11,660,60.0,60,balloon flower,11,3,6,2,11.0,0,2,,stable,77,2026-07-11,2026-07-12
8266160969,,8,980,122.5,180,azalea,5,1,5,7,1.87,0,4,,increasing,33,2026-07-26,2026-08-25
8267716870,hndhmda,24,1940,80.8,60,iris,13,8,2,11,2.62,0,4,,increasing,1,2026-07-24,2026-09-26
8269588587,,126,10210,81.0,120,dancing lady orchid,29,20,1,31,8.32,3,9,1.0,stable,0,2026-06-13,2026-09-27
8272218064,Lamar_24,5,420,84.0,60,allium,4,7,6,3,3.5,0,2,,increasing,4,2026-09-13,2026-09-23
8273803044,axsn8,35,4475,127.9,180,golden wings,15,13,4,12,6.28,0,5,,increasing,1,2026-08-18,2026-09-26
8278733647,qilq9,2,100,50.0,40,sunflower,1,8,1,2,2.0,0,1,,insufficient_data,37,2026-08-18,2026-08-21
8279895342,xaii8q,2,180,90.0,90,carnation,2,4,2,2,2.0,0,2,,insufficient_data,3,2026-09-23,2026-09-24
828106155,ilhirou,4,240,60.0,60,10th anniversary cake tree,4,5,3,3,4.0,0,2,,stable,17,2026-09-05,2026-09-10
8283390574,Hollowcaves,3,270,90.0,90,greensphere,3,14,4,1,3.0,0,1,,insufficient_data,79,2026-07-10,2026-07-10
8284013651,hayat_2009,4,360,90.0,60,wisteria,1,0,0,2,4.0,0,1,,decreasing,55,2026-07-29,2026-08-03
8289831943,,4,370,92.5,65,golden wings,3,9,1,4,2.33,0,2,,increasing,28,2026-08-18,2026-08-30
8290781549,,2,180,90.0,60,blueberry macaron,2,12,4,1,2.0,0,1,,insufficient_data,37,2026-08-21,2026-08-21
8295457406,i_nm0,1,180,180.0,180,celestial tree,1,11,3,1,1.0,0,1,,insufficient_data,17,2026-09-10,2026-09-10
8296461879,amopi4,15,1300,86.7,90,blueberry cake,12,15,0,7,1.88,0,4,,stable,1,2026-08-01,2026-09-26
8296827142,LU84KE,2,150,75.0,75,lotus,1,19,5,1,2.0,0,1,,insufficient_data,78,2026-07-11,2026-07-11
8300019836,lci_r,1,100,100.0,100,lover tree,1,13,5,1,1.0,0,1,,insufficient_data,1,2026-09-26,2026-09-26
8304315635,liiinala,36,3075,85.4,60,strawberry chiffon cake,11,17,5,21,2.83,1,2,,stable,0,2026-06-30,2026-09-27
8306370966,Yznx7,5,545,109.0,120,aqua pearl,4,9,5,3,5.0,0,2,,stable,15,2026-09-08,2026-09-12
8306590617,soulllyyyyy,1,60,60.0,60,cosmos,1,18,4,1,1.0,0,1,,insufficient_data,9,2026-09-18,2026-09-18
830724567,shokria_2003,7,480,68.6,60,osmanthus,5,8,5,2,7.0,0,2,,increasing,78,2026-07-10,2026-07-11
8310508167,,4,430,107.5,120,snowflake bush,3,17,4,2,4.0,0,1,,stable,98,2026-06-19,2026-06-21
8312946283,ei8888ie,12,1050,87.5,90,lantern flower,8,10,5,5,2.62,0,3,,stable,8,2026-08-18,2026-09-19
8313917902,aprettygirlsspamm,113,11305,100.0,90,wisteria,19,19,2,42,8.41,0,17,,increasing,12,2026-06-13,2026-09-15
831514024,Skiur3,8,540,67.5,60,cloud moon tree,6,16,5,3,8.0,0,3,,stable,77,2026-07-10,2026-07-12
831627346,,3,300,100.0,90,azalea,3,12,5,1,3.0,0,1,,insufficient_data,15,2026-09-12,2026-09-12
8319331020,dr_fmb1,2,240,120.0,120,lotus,2,12,0,2,2.0,0,1,,insufficient_data,18,2026-09-07,2026-09-09
8321693744,fay_lll,1,60,60.0,60,ice crystal bloom,1,20,5,1,1.0,0,1,,insufficient_data,8,2026-09-19,2026-09-19
8323454578,Rllivea,12,1050,87.5,60,royal poinciana,7,0,1,8,3.23,0,2,0.0,stable,47,2026-07-16,2026-08-11
8323478157,,1,90,90.0,90,cherry blossom,1,18,5,1,1.0,0,1,,insufficient_data,29,2026-08-29,2026-08-29
8327063603,,1,120,120.0,120,candy tree,1,13,4,1,1.0,0,1,,insufficient_data,79,2026-07-10,2026-07-10
8327533445,aewhdi,1,70,70.0,70,sundae tree,1,10,5,1,1.0,0,1,,insufficient_data,15,2026-09-12,2026-09-12
8327805259,lno11q,8,750,93.8,90,mock orange,5,9,2,5,8.0,0,3,,decreasing,12,2026-09-09,2026-09-15
8328792904,barca_201,3,180,60.0,60,jacaranda,3,0,1,1,3.0,0,1,,insufficient_data,54,2026-08-04,2026-08-04
8329659722,,1,60,60.0,60,star coral,1,7,4,1,1.0,0,1,,insufficient_data,9,2026-09-18,2026-09-18
8329692455,seba_3n,34,1820,53.5,10,unknown,9,16,2,14,7.93,0,8,,increasing,5,2026-08-23,2026-09-22
8336263190,DR_A008,2,150,75.0,60,weeping willow,2,11,0,2,0.23,0,1,,insufficient_data,13,2026-07-16,2026-09-14
834529884,anarchy1923,12,1100,91.7,90,wishing tree,7,9,5,9,3.65,0,5,,increasing,57,2026-07-09,2026-08-01
834583252,had0h,6,345,57.5,30,celestial tree,6,13,0,4,6.0,0,3,,decreasing,6,2026-09-17,2026-09-21
8346555683,r_0iij,7,600,85.7,90,cosmos,4,17,0,4,7.0,0,4,,stable,96,2026-06-20,2026-06-23
8347148968,Nlilv9,1,45,45.0,45,monstera,1,17,2,1,1.0,0,1,,insufficient_data,18,2026-09-09,2026-09-09
8348086168,iiksa511,1,60,60.0,60,wishing tree,1,11,6,1,1.0,0,1,,insufficient_data,77,2026-07-12,2026-07-12
8348900386,ceoin8,4,445,111.2,120,plum blossom,2,10,0,3,0.54,0,1,,increasing,19,2026-07-18,2026-09-08
8349985725,sm100909,2,220,110.0,105,citrus macaron,1,12,2,1,2.0,0,1,,insufficient_data,102,2026-06-17,2026-06-17
8350522451,intospacee,7,660,94.3,90,mooncake tree,4,11,6,3,7.0,0,3,,stable,7,2026-09-18,2026-09-20
8358317182,kikiology,47,4560,97.0,90,white rose,31,4,2,26,3.46,0,5,,increasing,9,2026-06-15,2026-09-18
8363702423,flilil7,2,360,180.0,180,celestial tree,1,16,6,1,2.0,0,1,,insufficient_data,35,2026-08-23,2026-08-23
8363842197,liailar,10,1330,133.0,180,celestial tree,6,17,2,6,0.97,0,1,,stable,26,2026-06-21,2026-09-01
836533290,o86it,2,120,60.0,60,allium,2,11,3,1,2.0,0,1,,insufficient_data,3,2026-09-24,2026-09-24
8371192102,w4cli,24,1710,71.2,60,lily flower,8,20,1,9,6.72,0,2,,stable,2,2026-08-31,2026-09-25
8371829166,redtalle,20,3050,152.5,180,moth orchid,15,19,5,9,1.49,0,4,,stable,8,2026-06-17,2026-09-19
8372777374,noraa1a,8,1080,135.0,180,maple,6,6,4,4,8.0,0,3,,increasing,2,2026-09-19,2026-09-25
8373972348,jood17m,11,720,65.5,30,azalea,7,1,4,3,11.0,0,3,,stable,77,2026-07-10,2026-07-12
8375553118,ph2025batoul,4,420,105.0,90,blue oak tree,4,0,5,2,4.0,0,2,,stable,77,2026-07-11,2026-07-12
837796064,,1,120,120.0,120,jacaranda,1,14,5,1,1.0,0,1,,insufficient_data,78,2026-07-11,2026-07-11
8378096515,l00_n,2,180,90.0,90,citrus macaron,2,14,6,1,2.0,1,1,,insufficient_data,0,2026-09-27,2026-09-27
8380751369,wixxlx,30,2585,86.2,85,lily flower,10,14,5,12,3.0,0,6,,stable,8,2026-07-11,2026-09-19
8384381791,Gala7353,5,730,146.0,180,ball cactus,3,9,6,4,5.0,0,4,,decreasing,12,2026-09-12,2026-09-15
840138728,,2,240,120.0,120,royal poinciana,1,20,4,1,2.0,0,1,,insufficient_data,16,2026-09-11,2026-09-11
8402885476,rzex_27,6,540,90.0,60,lover tree,2,2,3,3,2.62,0,1,,increasing,64,2026-07-09,2026-07-25
8403870126,Thail556,6,360,60.0,60,bear's paw,2,0,4,2,6.0,0,1,,stable,51,2026-08-01,2026-08-07
8411001899,xillri,5,330,66.0,60,osmanthus,2,6,5,3,4.38,0,2,,decreasing,7,2026-09-12,2026-09-20
8413692059,qqwweeaassddffgghh,9,760,84.4,60,witch mushroom,2,16,4,4,4.2,3,3,,stable,0,2026-09-12,2026-09-27
8416087704,ttikd,2,120,60.0,60,golden wings,1,10,4,1,2.0,0,1,,insufficient_data,37,2026-08-21,2026-08-21
841951035,,91,4540,49.9,50,camellia,55,6,0,20,8.38,0,5,,stable,30,2026-06-13,2026-08-28
8419633464,,29,2540,87.6,60,iris,20,0,3,22,5.08,2,3,,decreasing,0,2026-08-18,2026-09-27
8421053953,Marioomaaaaaaa,4,130,32.5,10,lavender,3,3,0,2,4.0,0,1,0.0,increasing,74,2026-07-13,2026-07-15
8422310447,vnilxi,4,360,90.0,60,celestial tree,4,2,5,4,1.04,0,2,,decreasing,43,2026-07-19,2026-08-15
8423798202,Lolll501,9,535,59.4,60,cherry cheese cake,8,12,0,2,9.0,0,1,,stable,27,2026-08-27,2026-08-31
8425161215,ru_xw4,1,50,50.0,50,forest spirit,1,17,1,1,1.0,0,1,,insufficient_data,19,2026-09-08,2026-09-08
8425498254,NerdDhai,55,4890,88.9,120,unknown,20,7,6,24,11.0,4,8,,decreasing,0,2026-08-23,2026-09-27
8425968166,rv8nv,9,540,60.0,60,cherry blossom,6,11,5,2,9.0,0,2,,stable,77,2026-07-11,2026-07-12
8426414259,mari_mo2,1,60,60.0,60,allium,1,13,5,1,1.0,0,1,,insufficient_data,15,2026-09-12,2026-09-12
8429129234,AdamFrst26,8,585,73.1,45,twilight guardian,4,14,6,5,1.44,0,3,0.0,decreasing,63,2026-06-17,2026-07-26
8429574015,ul20l,1,120,120.0,120,royal poinciana,1,23,6,1,1.0,0,1,,insufficient_data,98,2026-06-21,2026-06-21
8433491880,kfupm800,6,435,72.5,50,blueberry cupcake,3,3,3,2,6.0,0,1,,increasing,29,2026-08-27,2026-08-29
8434155339,lotus1726,11,1050,95.5,90,mushroom,7,15,1,3,5.13,0,1,,increasing,81,2026-06-23,2026-07-08
843672971,rorycys,1,60,60.0,60,balloon flower,1,2,5,1,1.0,0,1,,insufficient_data,78,2026-07-11,2026-07-11
8439098367,Ns_53F,3,300,100.0,120,maple,1,21,6,1,3.0,0,1,,insufficient_data,49,2026-08-09,2026-08-09
8439414047,Om7110,1,120,120.0,120,forest spirit,1,10,1,1,1.0,0,1,,insufficient_data,75,2026-07-14,2026-07-14
8442057124,wipps6,3,60,20.0,20,wisteria,1,16,0,1,3.0,0,1,,insufficient_data,48,2026-08-10,2026-08-10
8442524969,,1,95,95.0,95,dahlia,1,5,2,1,1.0,0,1,,insufficient_data,4,2026-09-23,2026-09-23
8448514008,,14,990,70.7,60,golden trumpet tree,7,15,4,6,10.89,0,2,,stable,1,2026-09-17,2026-09-26
8450459475,xc0c0c0x,3,175,58.3,60,cedar,3,5,0,3,1.4,0,1,,insufficient_data,83,2026-06-21,2026-07-06
8453336742,,4,360,90.0,60,9th anniversary cake tree,4,3,4,2,4.0,0,2,,increasing,78,2026-07-10,2026-07-11
8456081087,maryya229,62,4230,68.2,60,lantern flower,27,19,4,16,4.17,3,6,,decreasing,0,2026-06-15,2026-09-27
845988478,BshayerOla,2,120,60.0,60,strawberry cupcake,1,10,3,1,2.0,0,1,,insufficient_data,17,2026-09-10,2026-09-10
8462055022,amaldoctkr20,1,90,90.0,90,space tree,1,18,4,1,1.0,0,1,,insufficient_data,100,2026-06-19,2026-06-19
846237279,l0tues,6,360,60.0,60,golden trumpet tree,6,5,0,5,6.0,0,2,,stable,2,2026-09-18,2026-09-25
8466374115,Saudiya_1932M,1,90,90.0,90,cosmos,1,12,3,1,1.0,0,1,,insufficient_data,24,2026-09-03,2026-09-03
8468080406,,24,1505,62.7,60,dahlia,15,23,0,11,1.7,3,3,,stable,0,2026-06-20,2026-09-27
847264709,nizxl,2,120,60.0,60,golden wings,1,18,5,1,2.0,0,1,,insufficient_data,106,2026-06-13,2026-06-13
8475000412,LLut0s,54,5340,98.9,180,twilight guardian,25,20,4,27,4.78,4,12,,increasing,0,2026-07-10,2026-09-27
8476577781,kio_k0l,2,240,120.0,120,jacaranda,2,13,6,1,2.0,0,1,,insufficient_data,7,2026-09-20,2026-09-20
847840756,bymoojbrahim,4,240,60.0,60,jacaranda,3,15,0,3,4.0,0,2,,stable,3,2026-09-20,2026-09-24
8479732286,Reeeeeefg,20,1830,91.5,60,wishing tree,14,21,0,6,20.0,0,5,,increasing,65,2026-07-18,2026-07-24
8482694036,Irll19,6,780,130.0,120,forest spirit,4,10,4,4,5.25,0,2,,decreasing,43,2026-08-07,2026-08-15
8483536693,dr012345,40,1470,36.8,30,celestial tree,17,17,1,7,40.0,0,5,,decreasing,97,2026-06-15,2026-06-22
8488023108,eiilil0,2,240,120.0,60,candy tree,1,2,4,2,2.0,0,1,,insufficient_data,58,2026-07-25,2026-07-31
8493950066,,27,1625,60.2,60,candy tree,15,0,4,14,10.5,4,4,,increasing,0,2026-09-09,2026-09-27
8496118314,Ninja_SHOYO_0X,57,4120,72.3,30,starburst tree,10,3,5,23,6.44,0,6,0.5,decreasing,44,2026-06-13,2026-08-14
8497927418,xirllilll,53,5030,94.9,120,sundae tree,23,23,5,22,10.91,0,4,,increasing,1,2026-08-23,2026-09-26
8507138720,J_owa,6,450,75.0,60,lily flower,3,18,1,4,5.25,0,2,,increasing,61,2026-07-20,2026-07-28
8510148380,D71ey,1,90,90.0,90,bird of paradise,1,11,5,1,1.0,0,1,,insufficient_data,78,2026-07-11,2026-07-11
8514991853,arlii2,40,2940,73.5,60,lover tree,8,23,0,22,7.0,3,4,,decreasing,0,2026-08-18,2026-09-27
8515939428,,1,100,100.0,100,maple,1,22,1,1,1.0,0,1,,insufficient_data,26,2026-09-01,2026-09-01
8517205294,ll_cxv9,45,4130,91.8,90,forest spirit,2,17,1,17,3.46,0,11,,stable,1,2026-06-27,2026-09-26
8518576668,,3,270,90.0,90,ginkgo,2,9,0,2,0.22,0,1,,insufficient_data,6,2026-06-16,2026-09-21
8522435804,resunji9,9,880,97.8,120,cosmos,4,10,0,7,1.97,0,3,0.0,increasing,55,2026-07-02,2026-08-03
8524050745,,8,780,97.5,95,azalea,8,13,2,3,8.0,0,2,,stable,4,2026-09-18,2026-09-23
8525546125,jxl_801,34,4085,120.1,180,cosmos,12,0,5,15,10.82,0,12,0.0,increasing,1,2026-09-04,2026-09-26
853031273,Ohio_san170,1,45,45.0,45,forest spirit,1,13,0,1,1.0,0,1,,insufficient_data,104,2026-06-15,2026-06-15
8534336104,,3,100,33.3,20,lavender,1,14,4,2,3.0,0,2,,insufficient_data,78,2026-07-10,2026-07-11
853636317,p7qas,22,1345,61.1,60,wishing tree,9,13,1,7,2.44,3,3,,stable,0,2026-07-26,2026-09-27
8538252226,coffee18yay,10,780,78.0,90,wishing tree,8,2,6,3,10.0,0,3,,decreasing,77,2026-07-10,2026-07-12
8538889857,Abyx_16,2,210,105.0,90,cedar,2,7,0,2,2.0,0,2,,insufficient_data,34,2026-08-23,2026-08-24
8543354791,Axhhd,3,245,81.7,90,star coral,1,1,4,3,3.0,0,3,,insufficient_data,91,2026-06-26,2026-06-28
854507840,x11oor,7,470,67.1,60,bellflower,7,12,2,4,1.75,0,1,0.0,increasing,4,2026-08-26,2026-09-23
8545760382,R_0RY1,60,5995,99.9,120,cherry cheese cake,15,9,4,23,15.56,13,13,,stable,0,2026-08-31,2026-09-27
8548081961,El_21f,17,1130,66.5,60,blueberry macaron,13,8,4,9,7.44,3,3,,increasing,0,2026-09-11,2026-09-27
8550215906,,6,645,107.5,90,cuckoo clock,4,1,5,3,6.0,0,3,,decreasing,77,2026-07-10,2026-07-12
8551169969,Lucky20_0,1,60,60.0,60,four-leaf clover,1,8,3,1,1.0,0,1,,insufficient_data,10,2026-09-17,2026-09-17
8552174360,brainyzuzu,1,60,60.0,60,dahlia,1,18,3,1,1.0,0,1,,insufficient_data,3,2026-09-24,2026-09-24
8553499115,llllio8,1,90,90.0,90,golden wings,1,18,4,1,1.0,0,1,,insufficient_data,2,2026-09-25,2026-09-25
8553665057,Z373i,8,880,110.0,120,camellia,6,11,0,6,7.0,0,2,,decreasing,47,2026-08-03,2026-08-11
855630822,elafNU,4,470,117.5,90,allium,4,2,5,4,3.5,0,3,,decreasing,1,2026-09-18,2026-09-26
8556716173,d9_e12,1,120,120.0,120,cherry blossom,1,10,5,1,1.0,0,1,,insufficient_data,92,2026-06-27,2026-06-27
8556785074,ivvvlr,1,60,60.0,60,cedar,1,20,5,1,1.0,0,1,,insufficient_data,8,2026-09-19,2026-09-19
8559493904,A_U_B3,1,35,35.0,35,royal poinciana,1,22,6,1,1.0,0,1,,insufficient_data,98,2026-06-21,2026-06-21
8560429464,Nostalg1ic,1,60,60.0,60,monstera,1,14,1,1,1.0,0,1,,insufficient_data,12,2026-09-15,2026-09-15
8565808997,cinnchae,9,780,86.7,70,incurved chrysanthemum,5,16,3,5,7.0,0,2,,decreasing,50,2026-07-30,2026-08-08
857361094,weiirm,15,900,60.0,60,balloon flower,6,11,6,5,8.08,0,2,,stable,7,2026-09-07,2026-09-20
8576389958,,44,2565,58.3,60,snowflake bush,20,7,0,17,7.51,0,8,,stable,1,2026-08-16,2026-09-26
8586114391,x0Bat,6,1020,170.0,180,wishing tree,2,5,1,5,1.35,0,1,,increasing,75,2026-06-13,2026-07-14
858676602,R2wan7,2,240,120.0,120,red spider lily,2,7,0,1,2.0,0,1,,insufficient_data,6,2026-09-21,2026-09-21
8587418760,,1,60,60.0,60,lotus,1,11,2,1,1.0,0,1,,insufficient_data,39,2026-08-19,2026-08-19
859572208,s0o0100,36,2565,71.2,60,carnation,6,14,3,7,36.0,0,4,,decreasing,1,2026-09-19,2026-09-26
8597368349,drlulu100,3,360,120.0,120,royal poinciana,2,20,5,2,3.0,0,1,,insufficient_data,6,2026-09-19,2026-09-21
860188412,tylirs7,1,60,60.0,60,ice crystal bloom,1,16,5,1,1.0,0,1,,insufficient_data,29,2026-08-29,2026-08-29
8605663443,Hon9l,63,4840,76.8,60,geraniums fairy,24,4,3,24,13.78,0,14,,stable,3,2026-08-23,2026-09-24
8610908054,Sa2008t,3,220,73.3,60,golden trumpet tree,2,13,3,2,3.0,0,1,,insufficient_data,5,2026-09-17,2026-09-22
8612024944,sffjat,9,900,100.0,90,lemon cake,6,3,6,5,9.0,5,5,,stable,0,2026-09-23,2026-09-27
8612870666,,39,3040,77.9,65,wisteria,2,2,5,18,8.27,0,7,,decreasing,59,2026-06-27,2026-07-30
8613431898,ebotrotcod,82,5130,62.6,60,plum blossom,61,13,0,18,12.76,0,6,,decreasing,14,2026-07-30,2026-09-13
8613617990,,14,1850,132.1,180,twilight guardian,3,18,5,7,10.89,0,6,,decreasing,1,2026-09-17,2026-09-26
8617773562,Dhdhdgiu,1,180,180.0,180,strawberry macaron,1,12,4,1,1.0,0,1,,insufficient_data,9,2026-09-18,2026-09-18
8622888163,iSh9R,2,210,105.0,90,space tree,2,0,0,2,2.0,0,2,,insufficient_data,5,2026-09-21,2026-09-22
8623519565,RoRo_21222,1,90,90.0,90,mock orange,1,5,5,1,1.0,0,1,,insufficient_data,50,2026-08-08,2026-08-08
8623712547,xa2ir,272,33635,123.7,120,cherry blossom,33,8,5,49,18.85,3,7,0.0,stable,0,2026-06-18,2026-09-27
8627324417,Qvt_n,2,105,52.5,45,cherry blossom,2,10,1,2,2.0,0,1,,insufficient_data,40,2026-08-13,2026-08-18
8627833401,dd_xZ3,8,960,120.0,120,juliet,6,7,2,3,5.09,1,1,,decreasing,0,2026-09-16,2026-09-27
8632774992,rody008,24,2425,101.0,90,plum blossom,10,10,1,13,3.82,0,4,,stable,1,2026-08-13,2026-09-26
8633424530,,1,60,60.0,60,unknown,1,3,6,1,1.0,1,1,,insufficient_data,0,2026-09-27,2026-09-27
8640812877,shakii71,45,4320,96.0,120,ghost mushroom,16,17,6,22,3.84,0,4,,stable,19,2026-06-18,2026-09-08
8642675630,qwer0706,72,5345,74.2,60,confederate rose,18,13,3,14,8.26,0,4,,increasing,19,2026-07-09,2026-09-08
8645588652,i4nxe,26,2780,106.9,100,cloud moon tree,15,15,5,11,4.23,0,2,,decreasing,1,2026-08-14,2026-09-26
865157403,be_12i,15,2520,168.0,180,twilight guardian,6,16,0,8,5.83,0,3,,stable,23,2026-08-17,2026-09-04
8655107639,l9i_u,4,240,60.0,60,golden trumpet tree,4,13,1,1,4.0,0,1,,stable,5,2026-09-22,2026-09-22
8655791121,AERO3TB27,2,120,60.0,60,chili pepper,1,17,1,2,1.56,0,1,,insufficient_data,5,2026-09-13,2026-09-22
8656211041,blake9909,3,500,166.7,180,earth day tree,3,13,5,2,3.0,0,2,,insufficient_data,78,2026-07-10,2026-07-11
865851610,Allaa_32,9,1110,123.3,120,unknown,3,18,6,7,7.88,0,6,,stable,62,2026-07-19,2026-07-27
8663336141,M55id,60,5880,98.0,90,confederate rose,34,16,4,18,11.05,14,14,,stable,0,2026-08-20,2026-09-27
8664739616,,5,270,54.0,30,cloud moon tree,2,20,0,2,5.0,0,2,,decreasing,41,2026-08-16,2026-08-17
8667317609,iAxAq,1,75,75.0,75,celestial tree,1,12,1,1,1.0,0,1,,insufficient_data,19,2026-09-08,2026-09-08
8667721241,,53,4850,91.5,120,four-leaf clover,19,11,0,21,11.59,0,7,,decreasing,58,2026-06-29,2026-07-31
8669819598,livc3x,11,880,80.0,80,moon tree,5,16,5,6,5.92,0,3,,stable,1,2026-09-13,2026-09-26
8672402315,rogina2003,1,60,60.0,60,wishing tree,1,15,3,1,1.0,0,1,1.0,insufficient_data,17,2026-09-10,2026-09-10
8672749541,mwunai,1,50,50.0,50,lotus,1,18,4,1,1.0,0,1,,insufficient_data,16,2026-09-11,2026-09-11
8677370660,cvmuy,2,240,120.0,120,candy tree,1,20,0,1,2.0,0,1,,insufficient_data,104,2026-06-15,2026-06-15
8680018750,Drjno1,1,60,60.0,60,starry tree,1,23,6,1,1.0,0,1,,insufficient_data,56,2026-08-02,2026-08-02
868173010,,477,15080,31.6,30,plum blossom,77,9,0,61,32.11,0,15,0.5,stable,2,2026-06-13,2026-09-25
8682161915,op7ww,1,120,120.0,120,rose,1,1,4,1,1.0,0,1,,insufficient_data,16,2026-09-11,2026-09-11
8684406301,,3,180,60.0,60,bush,1,3,1,2,3.0,0,2,,insufficient_data,11,2026-09-15,2026-09-16
869063777,onllymeem,2,120,60.0,60,ice crystal bloom,2,22,2,2,2.0,0,1,,insufficient_data,2,2026-09-23,2026-09-25
8694154972,yl7uou2ly,20,1030,51.5,50,candy tree,12,17,3,10,9.33,0,6,,increasing,3,2026-09-09,2026-09-24
8695232602,syxer7,1,90,90.0,90,juliet,1,21,1,1,1.0,0,1,,insufficient_data,19,2026-09-08,2026-09-08
8698255415,unix_1,4,380,95.0,95,pink rose,2,12,1,1,4.0,0,1,,stable,103,2026-06-16,2026-06-16
8701342976,lu4cky_6,3,360,120.0,120,coffee macaron,2,0,6,2,3.0,0,2,,insufficient_data,14,2026-09-12,2026-09-13
8701416120,qpaal7,8,775,96.9,120,cuckoo clock,6,9,3,6,8.0,0,3,,stable,2,2026-09-18,2026-09-25
870152405,SanaCD,17,1425,83.8,90,lavender,10,15,3,9,1.59,0,3,,decreasing,3,2026-07-11,2026-09-24
8702135572,,1,60,60.0,60,allium,1,8,5,1,1.0,0,1,,insufficient_data,1,2026-09-26,2026-09-26
8705726621,wf1lr,17,2050,120.6,90,wishing tree,9,11,1,9,2.05,0,4,,increasing,12,2026-07-19,2026-09-15
8707268664,wa7dd1,4,300,75.0,60,cedar,1,0,4,3,4.0,0,2,,increasing,9,2026-09-13,2026-09-18
8710511364,,12,725,60.4,60,wishing tree,5,17,4,5,4.2,0,2,,stable,3,2026-09-04,2026-09-24
8711026939,,1,90,90.0,90,flaming katy,1,3,5,1,1.0,0,1,,insufficient_data,78,2026-07-11,2026-07-11
8711609788,lw_2q,61,6075,99.6,90,jacaranda,18,10,1,23,4.45,0,7,,stable,5,2026-06-18,2026-09-22
8715312239,,3,150,50.0,60,lavender,3,6,3,2,3.0,0,1,,insufficient_data,8,2026-09-17,2026-09-19
8719136672,sviol_0,26,2010,77.3,60,golden wings,15,8,5,10,6.5,2,4,,increasing,0,2026-08-30,2026-09-27
8723584246,iitamem,23,2580,112.2,120,forest spirit,5,13,2,16,5.37,1,6,,stable,0,2026-08-28,2026-09-27
872427683,shatha_q1,4,390,97.5,120,bush,3,9,2,2,4.0,0,2,,increasing,11,2026-09-15,2026-09-16
8729489644,eyla1i,51,4720,92.5,60,dancing lady orchid,34,1,6,26,4.58,0,5,,stable,1,2026-07-10,2026-09-26
8729585652,,3,240,80.0,90,celestial tree,3,11,2,1,3.0,0,1,,insufficient_data,18,2026-09-09,2026-09-09
8731882805,I_555li,10,790,79.0,90,monstera,5,2,3,9,0.96,0,2,,increasing,31,2026-06-15,2026-08-27
8732598541,Blaaaa9,29,2040,70.3,60,strawberry cupcake,13,9,6,6,2.09,0,2,1.0,increasing,8,2026-06-14,2026-09-19
8733368068,uvri7,17,1860,109.4,120,unknown,6,0,3,10,7.0,0,4,,stable,25,2026-08-16,2026-09-02
8733816555,Ro_1on,5,540,108.0,60,bamboo,3,5,3,2,5.0,0,1,,increasing,15,2026-09-10,2026-09-12
8733821777,,1,60,60.0,60,azalea,1,14,1,1,1.0,0,1,,insufficient_data,47,2026-08-11,2026-08-11
873388445,DrJkb18,5,540,108.0,120,confederate rose,3,4,2,3,1.75,0,1,1.0,decreasing,85,2026-06-14,2026-07-04
8734318841,,1,180,180.0,180,geraniums fairy,1,13,5,1,1.0,0,1,,insufficient_data,78,2026-07-11,2026-07-11
8734539342,fjndysg22505,3,315,105.0,120,candy tree,3,4,2,2,3.0,0,2,,insufficient_data,60,2026-07-28,2026-07-29
8734998319,,3,270,90.0,60,lemon cake,3,18,0,2,3.0,0,1,,insufficient_data,38,2026-08-17,2026-08-20
873514840,q_ha12,92,10305,112.0,120,ice crystal bloom,17,17,1,25,8.36,0,7,,stable,1,2026-07-11,2026-09-26
8736784750,,18,795,44.2,20,cloud moon tree,9,0,2,6,14.0,0,3,,decreasing,97,2026-06-13,2026-06-22
8746355637,angel4lbae,11,1380,125.5,180,flaming katy,7,11,1,5,11.0,3,3,,decreasing,0,2026-09-22,2026-09-27
8747322272,riex11,3,420,140.0,120,jacaranda,1,10,0,2,2.62,0,1,,insufficient_data,33,2026-08-17,2026-08-25
8749404307,s100uii,3,320,106.7,65,ice crystal bloom,3,9,3,3,1.62,0,2,,insufficient_data,2,2026-09-12,2026-09-25
875208930,,1,120,120.0,120,lavender,1,15,2,1,1.0,0,1,,insufficient_data,25,2026-09-02,2026-09-02
8754129345,,2,240,120.0,120,lover tree,1,10,6,1,2.0,1,1,,insufficient_data,0,2026-09-27,2026-09-27
875463795,,3,180,60.0,60,royal poinciana,2,15,5,3,1.0,0,1,,insufficient_data,85,2026-06-13,2026-07-04
8754821788,HMDrahmani,16,1290,80.6,60,moth orchid,10,17,5,3,16.0,0,3,,increasing,77,2026-07-10,2026-07-12
8755067747,,2,85,42.5,35,hyacinth,1,0,6,1,2.0,1,1,,insufficient_data,0,2026-09-27,2026-09-27
8756297240,,4,510,127.5,120,cuckoo clock,3,17,6,1,4.0,0,1,,decreasing,35,2026-08-23,2026-08-23
8765096771,Fttiuo,14,1260,90.0,90,camellia,7,4,1,7,1.4,0,2,,stable,18,2026-07-01,2026-09-09
87679383,sh1410h,7,720,102.9,60,cherry blossom,4,12,0,6,0.51,0,1,,decreasing,6,2026-06-17,2026-09-21
8771312128,Fahadrawan,16,1305,81.6,60,jacaranda,6,16,0,9,1.9,0,2,0.333,stable,46,2026-06-14,2026-08-12
8772244589,dream209f,4,170,42.5,25,matcha azuki cake,3,14,1,4,0.38,0,1,,decreasing,10,2026-07-05,2026-09-17
8778953137,ilikilio,1,120,120.0,120,cherry blossom,1,8,4,1,1.0,0,1,,insufficient_data,16,2026-09-11,2026-09-11
8783181471,a30100i,1,90,90.0,90,strawberry chiffon cake,1,16,1,1,1.0,0,1,,insufficient_data,19,2026-09-08,2026-09-08
8783755742,furutaking,15,1245,83.0,60,maple,7,10,2,13,1.67,0,3,,increasing,2,2026-07-24,2026-09-25
8784115869,Jory_Aloufi,1,120,120.0,120,carnation,1,10,5,1,1.0,0,1,,insufficient_data,8,2026-09-19,2026-09-19
8785209978,eiiwll,30,1955,65.2,90,sunflower,13,6,0,21,2.62,0,8,,decreasing,5,2026-07-04,2026-09-22
8785272498,janawied,4,280,70.0,60,snowflake bush,3,16,0,3,4.0,0,1,,decreasing,1,2026-09-19,2026-09-26
878534269,su_it0,1,120,120.0,120,wishing tree,1,14,5,1,1.0,0,1,,insufficient_data,99,2026-06-20,2026-06-20
8785482409,,2,110,55.0,50,lavender,1,15,0,1,2.0,0,1,,insufficient_data,34,2026-08-24,2026-08-24
8788182277,z373i,4,480,120.0,120,camellia,4,9,5,3,4.0,3,3,,stable,0,2026-09-25,2026-09-27
8789733561,,1,120,120.0,120,golden trumpet tree,1,14,6,1,1.0,0,1,,insufficient_data,14,2026-09-13,2026-09-13
8792572065,,216,21715,100.5,120,moth orchid,56,5,6,37,21.3,0,24,,increasing,35,2026-06-13,2026-08-23
879676715,eremikathebest,8,1140,142.5,180,bellflower,4,15,0,7,2.8,0,2,,increasing,3,2026-09-04,2026-09-24
8800121517,axer22,3,405,135.0,60,azalea,3,13,2,3,3.0,0,1,,insufficient_data,23,2026-08-29,2026-09-04
8801763559,Nanti14,6,540,90.0,60,golden trumpet tree,4,18,2,2,6.0,0,1,1.0,decreasing,11,2026-09-14,2026-09-16
8807359172,qiyas_100,194,23505,121.2,120,golden wings,22,16,3,45,27.71,0,24,,stable,3,2026-08-06,2026-09-24
881005359,liliilile,1,70,70.0,70,carnation,1,8,3,1,1.0,0,1,,insufficient_data,10,2026-09-17,2026-09-17
8810795583,Xo_jwr,1,180,180.0,180,camellia,1,20,2,1,1.0,0,1,,insufficient_data,46,2026-08-12,2026-08-12
8827414257,K3_cCf,1,120,120.0,120,ice crystal bloom,1,8,4,1,1.0,0,1,,insufficient_data,16,2026-09-11,2026-09-11
8832132281,ti0ou,19,1200,63.2,60,royal poinciana,11,17,4,6,13.3,0,5,,stable,1,2026-09-16,2026-09-26
8832555422,A_A_R7,2,360,180.0,180,forest spirit,1,3,2,1,2.0,0,1,,insufficient_data,4,2026-09-23,2026-09-23
883279321,JannatB0,1,60,60.0,60,jacaranda,1,16,6,1,1.0,0,1,,insufficient_data,21,2026-09-06,2026-09-06
8836100176,jusstTia,6,360,60.0,60,cherry blossom,2,21,6,2,6.0,0,2,,stable,49,2026-08-08,2026-08-09
8841605559,,6,460,76.7,90,plum blossom,3,23,1,4,1.11,0,1,,stable,41,2026-07-10,2026-08-17
8842840033,Dij008,6,370,61.7,45,strawberry macaron,2,8,5,1,6.0,0,1,,decreasing,1,2026-09-26,2026-09-26
884423792,GeneraleGommosino,5,290,58.0,60,choco chip cupcake,3,15,1,4,0.47,0,2,,stable,1,2026-07-14,2026-09-26
8851052095,mxov1,1,90,90.0,90,unicorn tree,1,19,2,1,1.0,0,1,,insufficient_data,18,2026-09-09,2026-09-09
8853641232,mmooooin,3,180,60.0,60,juniper,1,20,4,1,3.0,0,1,,insufficient_data,44,2026-08-14,2026-08-14
8857043559,Zhian_is_here,1,15,15.0,15,juliet,1,16,0,1,1.0,0,1,,insufficient_data,104,2026-06-15,2026-06-15
8859240337,,22,2140,97.3,90,chocolate strawberry cake,12,12,5,13,1.81,0,4,,increasing,3,2026-07-01,2026-09-24
8863785816,,4,420,105.0,90,golden trumpet tree,1,11,6,1,4.0,0,1,,decreasing,14,2026-09-13,2026-09-13
8865100242,l5rll1,6,540,90.0,90,lover tree,2,1,5,3,6.0,3,3,,stable,0,2026-09-25,2026-09-27
8873562292,Gioovaannaa,3,180,60.0,60,plum blossom,1,9,5,1,3.0,0,1,,insufficient_data,29,2026-08-29,2026-08-29
8874947629,bn2lo,3,180,60.0,60,bush,1,10,3,3,3.0,0,2,,insufficient_data,7,2026-09-17,2026-09-20
8876130063,ryukdon,17,1110,65.3,60,mock orange,14,9,5,10,5.67,0,3,0.667,stable,44,2026-07-24,2026-08-14
8877144815,,3,460,153.3,180,plum blossom,2,16,5,2,1.4,0,1,,insufficient_data,8,2026-09-04,2026-09-19
8880798036,piqiiii99,1,120,120.0,120,cosmos,1,10,2,1,1.0,0,1,,insufficient_data,74,2026-07-15,2026-07-15
8889340362,Lma7h,139,16060,115.5,120,snowflake bush,27,16,5,54,9.18,1,13,,stable,0,2026-06-13,2026-09-27
8893057924,iih1st,77,5200,67.5,60,juliet,32,15,5,23,5.56,0,6,,increasing,2,2026-06-20,2026-09-25
8895278034,jojo200100,1,120,120.0,120,cherry blossom,1,11,2,1,1.0,0,1,,insufficient_data,39,2026-08-19,2026-08-19
889818693,oil_e8,2,240,120.0,120,wisteria,1,10,6,1,2.0,0,1,,insufficient_data,77,2026-07-12,2026-07-12
8902088252,LayalLayalLayal,15,1655,110.3,120,cloud moon tree,4,3,4,13,2.06,1,5,,increasing,0,2026-08-07,2026-09-27
8904031408,,111,5710,51.4,45,space tree,9,18,3,35,22.85,35,35,,stable,0,2026-08-24,2026-09-27
8906535265,IE_ie8,17,1740,102.4,90,cyclamen,12,11,5,11,1.92,0,3,,stable,2,2026-07-25,2026-09-25
8912248585,r_engTR,2,240,120.0,60,plum blossom,2,19,2,2,0.82,0,1,,insufficient_data,39,2026-08-02,2026-08-19
891505481,Phoenix_Rising777,13,585,45.0,30,6th anniversary cake tree,8,18,4,3,13.0,0,3,,increasing,77,2026-07-10,2026-07-12
8915738929,M_2enn,10,710,71.0,30,unknown,4,4,3,2,10.0,0,2,,increasing,45,2026-08-12,2026-08-13
8919334544,,9,755,83.9,90,unknown,6,4,5,6,1.62,0,2,,increasing,14,2026-08-05,2026-09-13
8919451306,ililggh,7,335,47.9,50,cherry blossom,2,6,2,4,6.12,0,2,,stable,11,2026-09-08,2026-09-16
8920494504,Liilyy_67,3,390,130.0,90,blueberry macaron,3,16,1,3,2.1,0,2,,insufficient_data,86,2026-06-23,2026-07-03
893151058,Noorj09,1,60,60.0,60,bald cypress,1,6,6,1,1.0,0,1,,insufficient_data,77,2026-07-12,2026-07-12
8939417862,xi8_x50,7,780,111.4,90,osmanthus,3,10,0,5,3.77,0,2,,decreasing,1,2026-09-13,2026-09-26
8939461955,,2,360,180.0,180,wishing tree,1,0,6,1,2.0,0,1,,insufficient_data,77,2026-07-12,2026-07-12
8940916531,J8iwan,2,120,60.0,60,starry tree,1,17,6,1,2.0,0,1,,insufficient_data,63,2026-07-26,2026-07-26
8943115197,,26,2265,87.1,60,lily flower,13,10,5,12,4.55,0,6,,increasing,59,2026-06-20,2026-07-30
8944248973,Imfinethxadvance,22,2200,100.0,120,celestial tree,14,11,2,12,1.71,0,4,,increasing,8,2026-06-21,2026-09-19
8947321078,xrrl99,7,365,52.1,35,cosmos,4,4,5,6,6.12,0,3,,decreasing,1,2026-09-18,2026-09-26
8947962701,xevor8,35,1905,54.4,60,dancing lady orchid,10,23,5,8,7.66,0,3,,decreasing,3,2026-08-23,2026-09-24
8948162307,F1ris012,1,60,60.0,60,moon tree,1,11,0,1,1.0,0,1,,insufficient_data,6,2026-09-21,2026-09-21
8951014557,mnn8a,8,370,46.2,25,cloud moon tree,4,13,1,6,6.22,0,5,,decreasing,19,2026-08-30,2026-09-08
8953938704,maibouli,1,180,180.0,180,carnation,1,2,4,1,1.0,0,1,,insufficient_data,30,2026-08-28,2026-08-28
8954390404,,16,1865,116.6,180,jacaranda,8,11,0,11,2.43,0,3,0.0,decreasing,7,2026-08-05,2026-09-20
8956378720,,13,455,35.0,60,juniper,4,4,5,2,13.0,0,2,,increasing,77,2026-07-11,2026-07-12
8957383037,ALHARBl_TOP1,24,2190,91.2,90,wishing tree,9,18,0,12,2.8,0,2,,stable,6,2026-07-23,2026-09-21
8958903285,drrmer,8,480,60.0,60,dancing lady orchid,4,7,0,4,8.0,3,3,0.0,stable,0,2026-09-21,2026-09-27
8961755471,,5,140,28.0,30,cloud moon tree,2,12,4,2,5.0,0,1,,increasing,30,2026-08-25,2026-08-28
8962447468,rnne8m,2,180,90.0,60,ginkgo,2,2,0,2,0.78,0,1,,insufficient_data,37,2026-08-03,2026-08-21
8966981152,vililri,21,1050,50.0,50,dandelion,9,1,4,8,10.5,0,3,,stable,1,2026-09-12,2026-09-26
8970907232,j0r18,73,5765,79.0,60,pink rose,22,5,0,16,5.74,4,4,,decreasing,0,2026-06-30,2026-09-27
8971411494,acafahak,2,70,35.0,10,cedar,2,5,0,2,2.0,0,1,,insufficient_data,11,2026-09-14,2026-09-16
8978221100,,3,240,80.0,60,wishing tree,1,14,2,2,3.0,0,2,,insufficient_data,4,2026-09-22,2026-09-23
8978873635,Lolll501,32,2470,77.2,60,matcha azuki cake,17,13,5,10,10.67,0,4,,stable,1,2026-09-05,2026-09-26
8986611858,RR_Knight1,10,645,64.5,60,red spider lily,7,13,5,2,10.0,0,2,,decreasing,1,2026-09-25,2026-09-26
8986668326,mcr10000,3,290,96.7,100,starry tree,2,18,2,2,2.33,0,1,,insufficient_data,18,2026-08-31,2026-09-09
8987730188,rootSerb,9,690,76.7,60,epiphyllum,6,1,5,4,9.0,3,3,,decreasing,0,2026-09-21,2026-09-27
8988133524,ss_jop,4,490,122.5,120,forest spirit,4,1,1,3,4.0,0,1,,stable,10,2026-09-13,2026-09-17
8988985872,qvirr2,31,3390,109.4,90,snowflake bush,12,12,5,19,5.56,0,4,,stable,1,2026-08-18,2026-09-26
8992405473,FIORY_711,42,5950,141.7,120,jacaranda,15,16,5,22,4.2,0,3,,decreasing,7,2026-07-12,2026-09-20
8994689161,,3,210,70.0,60,blueberry cupcake,2,11,0,3,3.0,0,2,,insufficient_data,1,2026-09-20,2026-09-26
8995902611,cupcake17,2,120,60.0,60,balloon flower,1,17,2,2,2.0,0,1,,insufficient_data,65,2026-07-22,2026-07-24
900256135,thekingggg47,100,14570,145.7,180,celestial tree,5,16,2,19,25.0,0,11,0.0,stable,28,2026-08-02,2026-08-30
900993233,liarmoo,1,120,120.0,120,golden trumpet tree,1,19,6,1,1.0,0,1,,insufficient_data,42,2026-08-16,2026-08-16
901740623,Ph_ragad,4,240,60.0,60,wishing flower,3,12,2,2,3.5,0,1,,stable,3,2026-09-16,2026-09-24
902080018,wojood26,1,60,60.0,60,cherry blossom,1,18,0,1,1.0,0,1,,insufficient_data,104,2026-06-15,2026-06-15
904368355,Drdev96,1,120,120.0,120,maple,1,9,6,1,1.0,0,1,,insufficient_data,77,2026-07-12,2026-07-12
904901666,,1,60,60.0,60,mooncake tree,1,20,2,1,1.0,0,1,,insufficient_data,11,2026-09-16,2026-09-16
904956896,uud9c,1,100,100.0,100,water spirit,1,0,5,1,1.0,0,1,,insufficient_data,71,2026-07-18,2026-07-18
906699951,uili1e,3,230,76.7,60,allium,3,11,4,2,2.33,0,1,,insufficient_data,9,2026-09-09,2026-09-18
910782308,rhaa_v,4,240,60.0,60,cosmos,1,12,4,1,4.0,0,1,,stable,79,2026-07-10,2026-07-10
910831531,Rli08,5,420,84.0,60,celestial tree,5,15,6,2,5.0,1,1,,increasing,0,2026-09-20,2026-09-27
911599241,drclouds1,6,540,90.0,60,white rose,5,1,3,5,3.23,0,2,,increasing,67,2026-07-09,2026-07-22
914275636,roaabinsalman,1,90,90.0,90,bald cypress,1,2,6,1,1.0,0,1,,insufficient_data,7,2026-09-20,2026-09-20
914695906,Norah_775,1,80,80.0,80,plum blossom,1,9,5,1,1.0,0,1,,insufficient_data,1,2026-09-26,2026-09-26
915364119,,1,60,60.0,60,dancing lady orchid,1,14,4,1,1.0,0,1,,insufficient_data,79,2026-07-10,2026-07-10
916079041,appy49,2,180,90.0,90,jacaranda,2,5,2,2,0.18,0,1,,insufficient_data,16,2026-06-24,2026-09-11
922271049,Zj532,8,565,70.6,60,wishing tree,4,5,0,4,0.57,0,1,,increasing,6,2026-06-15,2026-09-21
924005636,denizyildizi2138,1,60,60.0,60,snowdrop,1,14,6,1,1.0,0,1,,insufficient_data,84,2026-07-05,2026-07-05
924263199,xmdjv,3,275,91.7,65,lavender,3,4,5,2,3.0,0,2,,insufficient_data,78,2026-07-10,2026-07-11
927464070,Dhay0_0,1,90,90.0,90,lotus,1,12,4,1,1.0,0,1,,insufficient_data,58,2026-07-31,2026-07-31
927670393,edy151,1,45,45.0,45,azalea,1,5,4,1,1.0,0,1,,insufficient_data,30,2026-08-28,2026-08-28
928110692,,19,755,39.7,30,ginkgo,8,8,4,7,13.3,3,3,,increasing,0,2026-09-17,2026-09-27
928708045,Shatha_12456,3,390,130.0,180,aqua pearl,3,5,6,1,3.0,1,1,,insufficient_data,0,2026-09-27,2026-09-27
929567271,no0nah,68,9690,142.5,180,moth orchid,5,23,2,33,6.52,0,16,,decreasing,4,2026-07-12,2026-09-23
929892160,ilf_ha,5,300,60.0,60,geraniums,3,5,6,2,1.4,0,1,,stable,10,2026-08-23,2026-09-17
933145614,salmaaan16,3,180,60.0,60,four-leaf clover,1,18,1,2,3.0,0,1,,insufficient_data,3,2026-09-22,2026-09-24
933992926,mrr_490,12,660,55.0,60,pink rose,5,16,0,5,7.64,2,2,,increasing,0,2026-09-16,2026-09-27
935398967,gfxii,2,240,120.0,120,plum blossom,2,0,6,1,2.0,0,1,,insufficient_data,98,2026-06-21,2026-06-21
935435574,cevvvk,5,780,156.0,180,narcissus,3,11,5,4,3.5,0,2,,stable,8,2026-09-09,2026-09-19
935836612,vioer0,12,1500,125.0,120,royal poinciana,10,1,4,6,0.82,0,2,,stable,2,2026-06-15,2026-09-25
937674395,cerr8,1,30,30.0,30,lily flower,1,12,5,1,1.0,0,1,,insufficient_data,15,2026-09-12,2026-09-12
937802064,aaaa1k,8,410,51.2,60,cyclamen,6,19,2,4,6.22,0,1,,stable,2,2026-09-16,2026-09-25
940494503,abnarf10,6,600,100.0,120,dusty miller,5,15,5,4,1.11,0,2,,increasing,1,2026-08-19,2026-09-26
942422204,m7md00887,1,50,50.0,50,moon tree,1,13,0,1,1.0,0,1,,insufficient_data,20,2026-09-07,2026-09-07
942468550,paperbagx4,3,490,163.3,180,wishing tree,2,2,5,1,3.0,0,1,,insufficient_data,78,2026-07-11,2026-07-11
942703736,to_ixl,3,240,80.0,90,moon tree,2,0,1,2,3.0,0,1,,insufficient_data,1,2026-09-22,2026-09-26
944062454,,1,90,90.0,90,royal poinciana,1,15,5,1,1.0,0,1,,insufficient_data,8,2026-09-19,2026-09-19
945471295,ririi85,4,630,157.5,180,sundae tree,3,7,5,1,4.0,0,1,,increasing,8,2026-09-19,2026-09-19
946361532,uouo0r,1,180,180.0,180,tulip,1,21,5,1,1.0,0,1,,insufficient_data,78,2026-07-11,2026-07-11
947383242,DocBigBoss,2,145,72.5,55,sunflower,1,10,3,2,2.0,0,1,,insufficient_data,17,2026-09-04,2026-09-10
947803772,someone_swe,1,60,60.0,60,golden wings,1,22,5,1,1.0,0,1,,insufficient_data,64,2026-07-25,2026-07-25
950238494,Dr_AyaHadi,49,4145,84.6,60,azalea,21,13,0,18,3.46,0,6,,stable,6,2026-06-14,2026-09-21
951177867,rltvu,89,7820,87.9,60,juliet,41,12,6,35,5.99,0,5,1.0,decreasing,2,2026-06-13,2026-09-25
951933832,maraym111,1,90,90.0,90,juniper,1,18,4,1,1.0,0,1,,insufficient_data,79,2026-07-10,2026-07-10
953932038,rr777707,1,90,90.0,90,jacaranda,1,16,4,1,1.0,0,1,,insufficient_data,23,2026-09-04,2026-09-04
954135961,itsELNsa,4,285,71.2,60,allium,4,3,1,2,4.0,0,1,,stable,5,2026-09-19,2026-09-22
954679652,ieiilc,2,300,150.0,120,matcha cupcake,2,4,1,2,1.17,0,1,,insufficient_data,28,2026-08-18,2026-08-30
955066347,etiii0,9,680,75.6,90,unknown,4,19,0,5,6.3,0,2,,stable,96,2026-06-13,2026-06-23
957096063,,1,30,30.0,30,rose,1,14,5,1,1.0,0,1,,insufficient_data,8,2026-09-19,2026-09-19
957452799,fiw78,9,1060,117.8,120,watermelon,8,11,5,3,9.0,0,2,,decreasing,5,2026-09-19,2026-09-22
958197064,wxnuu,1,60,60.0,60,golden trumpet tree,1,14,0,1,1.0,0,1,,insufficient_data,20,2026-09-07,2026-09-07
960073465,mxiouy_1,3,210,70.0,60,luminie,3,2,0,3,1.91,1,1,,insufficient_data,0,2026-09-16,2026-09-27
962641733,irreww,1,90,90.0,90,epiphyllum,1,3,5,1,1.0,0,1,,insufficient_data,8,2026-09-19,2026-09-19
962956267,lee_543,7,810,115.7,90,candy tree,4,2,2,3,2.58,0,2,,decreasing,21,2026-08-18,2026-09-06
963860035,,16,1690,105.6,90,nightshade tree,7,11,2,5,16.0,0,3,,decreasing,2,2026-09-19,2026-09-25
967482025,venush1,1,90,90.0,90,lily flower,1,17,4,1,1.0,0,1,,insufficient_data,79,2026-07-10,2026-07-10
968291456,yonaisamathg,1,120,120.0,120,cuckoo clock,1,16,3,1,1.0,0,1,,insufficient_data,101,2026-06-18,2026-06-18
970808393,xs7is,22,1590,72.3,60,lover tree,7,11,1,11,4.97,0,6,,decreasing,2,2026-08-25,2026-09-25
970809141,gghaderha,85,5200,61.2,60,cherry blossom,9,5,6,32,5.67,3,11,,decreasing,0,2026-06-14,2026-09-27
971016863,tanbunnyy,18,2260,125.6,120,wisteria,6,13,5,9,7.41,0,7,0.0,stable,33,2026-08-08,2026-08-25
972219470,eliss4336,193,6425,33.3,30,epiphyllum,72,13,5,39,12.75,2,4,1.0,stable,0,2026-06-13,2026-09-27
973323080,yrln9,1,40,40.0,40,four-leaf clover,1,22,4,1,1.0,0,1,,insufficient_data,79,2026-07-10,2026-07-10
973395692,zaneen_faeq,1,120,120.0,120,wishing tree,1,14,4,1,1.0,0,1,,insufficient_data,79,2026-07-10,2026-07-10
974147474,tea_io,9,590,65.6,60,candy tree,3,18,2,6,6.3,0,2,,increasing,1,2026-09-16,2026-09-26
974733305,lovlyro,9,1050,116.7,120,monstera,2,15,2,5,3.94,0,2,,stable,18,2026-08-24,2026-09-09
976949718,iiill22,53,4170,78.7,90,black forest cake,8,5,1,18,3.99,2,9,,decreasing,0,2026-06-26,2026-09-27
980282296,misuga7,2,150,75.0,60,azalea,2,17,0,2,2.0,0,1,,insufficient_data,6,2026-09-15,2026-09-21
980498119,Mreyouf,10,765,76.5,60,chocolate strawberry cake,9,16,4,6,3.04,0,2,,increasing,1,2026-09-03,2026-09-26
982781543,aslcys,53,4800,90.6,90,wishing tree,13,19,5,34,3.91,0,4,0.5,increasing,11,2026-06-13,2026-09-16
983523106,ES2ii,1,60,60.0,60,white calla lily,1,4,2,1,1.0,0,1,,insufficient_data,102,2026-06-17,2026-06-17
983529210,EeYad010,1,10,10.0,10,cedar,1,15,0,1,1.0,0,1,,insufficient_data,55,2026-08-03,2026-08-03
983838728,,1,60,60.0,60,strawberry macaron,1,13,1,1,1.0,0,1,,insufficient_data,5,2026-09-22,2026-09-22
983904967,,1,90,90.0,90,geraniums,1,2,5,1,1.0,0,1,0.0,insufficient_data,71,2026-07-18,2026-07-18
986098690,Yasmenelshazlyy,3,240,80.0,60,moth orchid,1,16,4,2,1.91,0,1,,insufficient_data,33,2026-08-14,2026-08-25
987012731,Jiyanwa,2,210,105.0,90,lily flower,2,16,3,2,2.0,0,1,,insufficient_data,24,2026-08-30,2026-09-03
988711798,,6,720,120.0,120,12th anniversary cake tree,6,8,1,4,6.0,0,4,,stable,2,2026-09-22,2026-09-25
989483941,imrubaaa,10,930,93.0,90,plum blossom,8,19,0,9,0.75,0,4,,increasing,13,2026-06-13,2026-09-14
989795042,jiutq,4,240,60.0,60,flaming katy,3,22,0,3,1.87,0,2,,stable,6,2026-09-06,2026-09-21
989825992,lvtt1,3,250,83.3,60,wishing tree,2,10,2,3,1.4,0,1,,insufficient_data,52,2026-07-22,2026-08-06
990127628,mimi_7ii,5,510,102.0,90,golden trumpet tree,5,12,5,2,5.0,0,2,,increasing,105,2026-06-13,2026-06-14
991529249,lOnij,17,1375,80.9,90,wishing tree,10,16,5,12,3.84,0,3,,increasing,3,2026-08-24,2026-09-24
993696899,qx1o0n,1,90,90.0,90,golden trumpet tree,1,13,5,1,1.0,0,1,,insufficient_data,15,2026-09-12,2026-09-12
994335608,lujain_v0,1,120,120.0,120,celestial tree,1,8,4,1,1.0,0,1,,insufficient_data,100,2026-06-19,2026-06-19
